Date,Mkt-RF,SMB,HML,RMW,CMA,RF,Date1,LT_Rev,Date2,ST_Rev,Date3,Mom
196307,   -0.39,   -0.48,   -0.81,    0.64,   -1.15,    0.27,193101,   0.82,192602,  -1.84,192701,   0.57
196308,    5.08,   -0.80,    1.70,    0.40,   -0.38,    0.25,193102,   1.66,192603,  -5.93,192702,  -1.50
196309,   -1.57,   -0.43,    0.00,   -0.78,    0.15,    0.27,193103,   4.34,192604,  -1.07,192703,   3.52
196310,    2.54,   -1.34,   -0.04,    2.79,   -2.25,    0.29,193104,  -1.42,192605,  -1.30,192704,   4.36
196311,   -0.86,   -0.85,    1.73,   -0.43,    2.27,    0.27,193105,  -2.41,192606,   4.00,192705,   2.78
196312,    1.83,   -1.89,   -0.21,    0.12,   -0.25,    0.29,193106,   3.01,192607,  -1.76,192706,   0.55
196401,    2.27,    0.10,    1.63,    0.21,    1.48,    0.30,193107,   3.74,192608,   1.43,192707,   4.22
196402,    1.55,    0.33,    2.81,    0.11,    0.81,    0.26,193108,  -3.66,192609,  -0.07,192708,   1.25
196403,    1.41,    1.41,    3.29,   -2.03,    2.98,    0.31,193109,  -7.11,192610,  -2.03,192709,   1.93
196404,    0.11,   -1.48,   -0.54,   -1.32,   -1.13,    0.29,193110,   4.73,192611,   0.98,192710,  -0.92
196405,    1.41,   -0.62,    1.81,   -0.15,    0.13,    0.26,193111,   1.02,192612,   1.95,192711,  -0.22
196406,    1.27,    0.13,    0.68,   -0.33,    0.10,    0.30,193112,  -6.53,192701,  -2.00,192712,   3.11
196407,    1.74,    0.50,    0.79,    0.15,    1.85,    0.30,193201,   6.38,192702,  -1.24,192801,  -0.46
196408,   -1.44,    0.29,    0.07,    0.15,    0.31,    0.28,193202,   2.24,192703,  -3.60,192802,  -1.07
196409,    2.69,   -0.34,    1.72,   -0.50,    0.56,    0.28,193203,   1.05,192704,  -3.55,192803,   4.70
196410,    0.60,    0.90,    1.08,   -0.20,    0.52,    0.29,193204,   1.10,192705,  -1.03,192804,  -5.85
196411,   -0.01,   -0.24,   -2.04,    0.71,   -0.16,    0.29,193205,  10.27,192706,  -0.71,192805,   2.64
196412,    0.04,   -0.65,   -2.43,    0.95,   -1.55,    0.31,193206,  -2.97,192707,  -0.97,192806,   1.79
196501,    3.54,    2.50,    0.36,    0.94,   -0.02,    0.28,193207,  17.92,192708,  -1.66,192807,   2.67
196502,    0.44,    3.24,    0.22,    0.26,   -0.62,    0.30,193208,  21.37,192709,  -1.06,192808,   3.68
196503,   -1.34,    2.08,    1.15,   -0.29,    0.65,    0.36,193209,  -8.32,192710,  -2.86,192809,   3.40
196504,    3.11,    1.14,    0.73,    0.29,   -2.27,    0.31,193210,  -7.99,192711,   4.79,192810,   5.11
196505,   -0.78,    0.05,   -1.55,   -0.42,    0.59,    0.31,193211,  -7.70,192712,  -0.34,192811,   1.78
196506,   -5.51,   -4.20,    0.23,    0.24,    0.43,    0.35,193212,  -6.65,192801,   0.68,192812,   1.58
196507,    1.44,    1.10,    2.19,   -1.41,   -0.08,    0.31,193301,   2.67,192802,   0.15,192901,   2.43
196508,    2.73,    2.77,   -0.98,    2.03,   -0.81,    0.33,193302,  -3.51,192803,  -4.64,192902,   3.10
196509,    2.86,    0.70,   -0.14,   -0.85,    0.73,    0.31,193303,   6.47,192804,  -0.67,192903,  -0.54
196510,    2.60,    3.45,    1.55,    1.19,   -0.76,    0.31,193304,  38.66,192805,   3.35,192904,   2.07
196511,   -0.02,    5.22,    0.16,   -1.08,   -0.87,    0.35,193305,  33.07,192806,   1.19,192905,  -2.32
196512,    1.01,    2.62,    2.15,   -1.30,   -0.55,    0.33,193306,   8.99,192807,  -1.67,192906,   8.31
196601,    0.72,    4.85,    3.27,   -2.65,   -0.26,    0.38,193307,   1.37,192808,   0.14,192907,   2.95
196602,   -1.21,    4.79,    0.38,   -0.16,   -1.45,    0.35,193308,   4.23,192809,  -0.57,192908,   4.40
196603,   -2.51,    0.21,   -2.13,    1.29,   -0.05,    0.38,193309, -12.10,192810,  -2.35,192909,   2.96
196604,    2.13,    3.33,   -0.36,    0.42,   -0.92,    0.34,193310,  -5.72,192811,  -1.66,192910,   2.44
196605,   -5.67,   -5.11,   -1.60,    1.64,   -1.48,    0.41,193311,   2.02,192812,  -1.18,192911,  -2.07
196606,   -1.44,    1.32,    0.49,    0.08,    0.79,    0.38,193312,   0.49,192901,  -6.64,192912,   5.43
196607,   -1.63,   -0.38,    0.91,   -0.38,    1.74,    0.35,193401,  24.91,192902,   0.05,193001,  -5.46
196608,   -7.94,   -3.15,    0.50,   -0.64,    0.77,    0.41,193402,   2.33,192903,  -2.83,193002,   1.15
196609,   -1.06,   -1.02,    0.48,   -1.19,    2.35,    0.40,193403,  -1.80,192904,   0.76,193003,  -4.23
196610,    3.86,   -6.48,    2.74,   -3.91,    4.23,    0.45,193404,  -2.82,192905,  -2.59,193004,   4.13
196611,    1.38,    3.34,   -4.63,    4.66,   -6.51,    0.40,193405,  -7.38,192906,   1.47,193005,  -0.76
196612,    0.13,    1.88,   -0.95,    0.17,   -0.16,    0.40,193406,  -3.73,192907,  -1.34,193006,   5.84
196701,    8.15,    8.98,    2.36,    1.29,   -3.06,    0.43,193407, -12.70,192908,  -1.74,193007,  -2.14
196702,    0.77,    3.01,   -2.26,    1.66,   -0.93,    0.36,193408,   4.62,192909,   1.53,193008,   3.87
196703,    4.00,    1.77,    0.47,    0.82,   -1.50,    0.39,193409,  -0.18,192910,  -1.96,193009,  11.59
196704,    3.89,    0.43,   -2.29,    3.09,   -3.72,    0.32,193410,  -4.21,192911,  -8.20,193010,   6.27
196705,   -4.32,    2.45,    0.80,   -1.19,    1.62,    0.33,193411,   2.11,192912,   1.71,193011,  -1.32
196706,    2.42,    6.42,    0.80,   -0.84,   -2.49,    0.27,193412,  -2.71,193001,   5.31,193012,  12.48
196707,    4.58,    3.58,    2.75,    0.45,    2.66,    0.32,193501,  -1.56,193002,   0.26,193101, -11.10
196708,   -0.90,    0.77,    1.43,    0.30,    1.35,    0.31,193502,  -8.81,193003,   1.95,193102, -13.58
196709,    3.11,    2.43,   -2.47,    0.22,   -0.93,    0.32,193503,  -0.83,193004,  -0.19,193103,   9.72
196710,   -3.08,    0.57,   -3.29,    0.97,   -2.74,    0.39,193504,   5.05,193005,   3.37,193104,  11.00
196711,    0.37,   -0.06,   -1.71,    1.31,   -2.28,    0.36,193505,   1.16,193006,  -6.82,193105,   9.23
196712,    3.05,    5.59,   -0.54,   -0.74,   -0.03,    0.33,193506,   0.79,193007,   6.36,193106, -17.60
196801,   -4.03,    4.68,    4.85,   -4.89,    6.46,    0.40,193507,   8.98,193008,   2.20,193107,   8.40
196802,   -3.74,   -2.92,    1.23,   -0.08,    2.46,    0.39,193508,  10.00,193009,  -3.56,193108,  -3.12
196803,    0.21,   -1.55,   -0.63,    1.07,   -1.15,    0.38,193509,  -0.50,193010,  -4.34,193109,   9.29
196804,    9.01,    6.17,   -1.10,    2.79,   -3.73,    0.43,193510,   6.27,193011,   1.98,193110,   2.97
196805,    2.28,    6.97,    0.82,    0.49,   -1.92,    0.45,193511,   7.43,193012,  -2.49,193111,   7.94
196806,    0.70,   -0.33,    0.66,   -1.56,    2.80,    0.43,193512,   0.98,193101,  16.83,193112,  12.95
196807,   -2.69,   -1.39,    5.31,   -3.18,    3.79,    0.48,193601,  12.30,193102,  -2.33,193201,  -9.94
196808,    1.35,    2.33,    0.99,   -0.66,    0.47,    0.42,193602,   1.81,193103,   5.08,193202,   1.49
196809,    4.05,    2.81,    0.30,   -1.94,    0.87,    0.43,193603,  -1.53,193104,  -5.61,193203,  10.04
196810,    0.44,   -0.43,    2.82,   -1.36,    2.84,    0.44,193604,  -7.20,193105,  -3.63,193204,   7.63
196811,    5.42,    2.39,   -0.96,    0.44,   -2.51,    0.42,193605,   3.39,193106,  17.80,193205,  12.54
196812,   -3.93,    3.55,    0.04,   -1.91,    1.93,    0.43,193606,  -2.45,193107,   8.18,193206,   1.92
196901,   -1.25,   -0.42,    1.66,   -1.52,    1.29,    0.53,193607,   4.14,193108,   1.20,193207, -45.74
196902,   -5.86,   -4.16,    0.89,    1.99,    0.75,    0.46,193608,   2.29,193109,   4.92,193208, -52.61
196903,    2.67,   -0.51,   -0.42,   -1.34,   -0.44,    0.46,193609,  -1.02,193110,  19.24,193209,   2.46
196904,    1.47,   -0.78,    0.02,    0.28,   -0.16,    0.53,193610,   1.57,193111,   1.73,193210,   4.62
196905,   -0.10,   -0.18,    0.62,   -0.87,    1.05,    0.48,193611,  -2.52,193112,  -5.50,193211,  -0.96
196906,   -7.18,   -5.47,   -1.10,    4.27,   -1.63,    0.51,193612,   2.23,193201,  16.47,193212,   4.64
196907,   -7.00,   -3.39,    1.18,    1.51,    1.84,    0.53,193701,   0.98,193202,   9.14,193301,  -2.44
196908,    4.69,    0.58,   -3.75,    1.06,   -3.98,    0.50,193702,  -0.48,193203,  -0.69,193302,   4.65
196909,   -2.97,    1.29,   -3.22,    3.36,   -0.62,    0.62,193703,  -1.83,193204,  -3.13,193303,   4.24
196910,    5.05,    3.91,   -3.12,    0.08,   -2.08,    0.60,193704,  -0.08,193205,  -1.20,193304, -17.40
196911,   -3.80,   -2.42,   -1.25,    1.40,    0.21,    0.52,193705,  -2.94,193206,  15.82,193305,  -5.54
196912,   -2.63,   -3.72,   -2.88,    2.55,   -1.92,    0.64,193706,   0.96,193207,  -2.03,193306,   4.18
197001,   -8.11,    3.08,    3.17,   -1.75,    3.96,    0.60,193707,  -1.43,193208, -19.69,193307,  -0.35
197002,    5.14,   -2.57,    3.69,   -2.41,    2.87,    0.62,193708,  -2.13,193209,   9.47,193308,   7.54
197003,   -1.06,   -2.42,    4.08,   -1.06,    4.42,    0.57,193709,  -2.70,193210,  -1.35,193309,   1.61
197004,  -10.99,   -6.34,    6.14,   -0.63,    5.90,    0.50,193710,   2.21,193211,  -1.11,193310,  -2.21
197005,   -6.91,   -4.46,    3.32,   -1.29,    3.79,    0.53,193711,   2.85,193212,  -1.37,193311,   6.48
197006,   -5.80,   -2.10,    0.44,    0.14,    2.71,    0.58,193712,   0.95,193301,   7.54,193312,   4.01
197007,    6.92,   -0.66,    0.93,   -0.30,    1.72,    0.52,193801,  -0.27,193302,   3.38,193401,  -3.39
197008,    4.50,    1.44,    1.41,    0.57,   -0.14,    0.53,193802,  -3.71,193303,  10.11,193402,   0.09
197009,    4.18,    8.50,   -5.41,    0.25,   -5.98,    0.54,193803,   8.10,193304, -12.58,193403,  -0.67
197010,   -2.28,   -4.36,    0.21,    1.81,    2.25,    0.46,193804,  -4.16,193305,   0.29,193404,  -4.81
197011,    4.62,   -3.88,    1.58,    1.53,    1.39,    0.46,193805,   4.18,193306,  -0.17,193405,  -2.39
197012,    5.74,    2.89,    1.04,    0.28,    0.30,    0.42,193806, -12.98,193307,   8.37,193406,  -0.79
197101,    4.83,    7.44,    1.55,   -2.02,   -0.06,    0.38,193807,  -2.34,193308,   8.44,193407,   8.80
197102,    1.41,    2.01,   -1.24,    0.64,   -0.80,    0.33,193808,  -3.52,193309,  -0.12,193408,   2.56
197103,    4.12,    2.22,   -3.95,    1.78,   -2.65,    0.30,193809,  -0.58,193310,  -1.29,193409,  -0.06
197104,    3.15,   -0.36,    0.86,   -1.46,    0.85,    0.28,193810,   5.14,193311,   6.30,193410,   6.88
197105,   -4.00,   -1.12,   -1.33,    1.49,    0.20,    0.29,193811,  -2.96,193312,  -0.76,193411,   3.77
197106,   -0.09,   -1.51,   -1.97,    1.58,   -1.67,    0.37,193812,  -1.24,193401,   9.43,193412,   4.53
197107,   -4.49,   -1.43,   -0.02,    0.58,    1.39,    0.40,193901,  -1.62,193402,   2.36,193501,   3.10
197108,    3.79,   -0.23,    2.64,   -0.43,    2.59,    0.47,193902,   2.44,193403,   1.34,193502,  14.46
197109,   -0.86,    0.26,   -2.90,    2.54,   -1.58,    0.37,193903,  -7.16,193404,   0.22,193503,   2.37
197110,   -4.42,   -1.59,   -0.51,    1.56,   -1.39,    0.37,193904,   1.14,193405,  -5.86,193504,  -4.75
197111,   -0.46,   -2.86,   -1.67,    2.41,   -0.44,    0.37,193905,  -0.16,193406,  -0.78,193505,  -3.59
197112,    8.71,    3.24,   -0.38,   -0.43,   -1.68,    0.37,193906,  -5.07,193407,  -4.86,193506,   2.67
197201,    2.47,    6.09,    2.12,   -1.69,    0.54,    0.29,193907,   1.10,193408,  13.35,193507,  -4.78
197202,    2.87,    0.87,   -2.83,    1.69,   -0.50,    0.25,193908,  -0.45,193409,   2.25,193508,  -6.46
197203,    0.62,   -0.47,   -1.61,    1.58,   -0.20,    0.27,193909,  14.46,193410,  -0.16,193509,   8.31
197204,    0.29,    0.27,    0.03,   -0.41,   -1.06,    0.29,193910,  -4.29,193411,   2.02,193510,   1.82
197205,    1.29,   -3.12,   -2.72,    2.40,   -1.97,    0.30,193911,  -3.54,193412,  -2.50,193511,  -7.04
197206,   -2.46,   -0.43,   -2.46,    1.78,   -0.35,    0.29,193912,  -1.90,193501,   2.12,193512,   3.70
197207,   -0.80,   -2.79,    0.60,    1.20,   -0.71,    0.31,194001,   3.46,193502,  -3.66,193601,  -2.94
197208,    3.27,   -3.46,    4.56,   -2.04,    2.90,    0.29,194002,  -1.05,193503,  -1.91,193602,   2.53
197209,   -1.14,   -2.24,    0.49,    1.65,   -1.97,    0.34,194003,  -1.06,193504,   2.76,193603,   1.63
197210,    0.52,   -2.55,    1.22,   -0.11,    0.03,    0.40,194004,   1.29,193505,   3.70,193604,  -7.67
197211,    4.59,   -0.59,    4.88,   -1.98,    3.34,    0.37,194005,  -3.02,193506,   2.68,193605,   2.50
197212,    0.62,   -1.89,   -2.18,    2.58,   -2.14,    0.37,194006,   1.53,193507,  -0.87,193606,   0.56
197301,   -3.28,   -2.82,    2.70,    0.40,    0.90,    0.44,194007,  -1.12,193508,  -3.60,193607,   2.49
197302,   -4.85,   -3.94,    1.64,   -0.29,    0.05,    0.42,194008,  -1.17,193509,  -0.63,193608,   0.60
197303,   -1.30,   -2.29,    2.57,   -0.96,    0.50,    0.46,194009,  -1.78,193510,   1.75,193609,   1.41
197304,   -5.68,   -2.92,    5.39,   -1.55,    2.52,    0.52,194010,   0.36,193511,   5.53,193610,   0.68
197305,   -2.97,   -6.12,    0.38,    1.97,   -1.70,    0.51,194011,  -5.34,193512,  -3.02,193611,   2.04
197306,   -1.57,   -2.48,    1.14,   -0.20,    0.09,    0.51,194012,  -2.72,193601,  -1.41,193612,   2.13
197307,    5.04,    7.19,   -5.26,   -0.09,   -3.23,    0.64,194101,   2.95,193602,   2.02,193701,  -1.99
197308,   -3.82,   -1.78,    1.03,   -1.32,    1.24,    0.70,194102,  -1.62,193603,   1.61,193702,   2.78
197309,    4.74,    3.58,    2.22,   -2.22,    1.73,    0.68,194103,   0.58,193604,  -0.65,193703,   3.31
197310,   -0.83,   -0.27,    1.66,   -1.99,    2.73,    0.65,194104,  -0.72,193605,   2.97,193704,  -3.54
197311,  -12.79,   -7.27,    4.09,   -2.77,    1.66,    0.56,194105,  -0.72,193606,   1.22,193705,   0.57
197312,    0.59,   -4.72,    4.01,   -2.89,    2.44,    0.64,194106,  -0.32,193607,   2.74,193706,   0.78
197401,   -0.16,   10.39,    5.95,   -2.92,    4.49,    0.63,194107,   8.88,193608,  -0.42,193707,  -0.45
197402,   -0.46,    0.12,    2.47,   -1.85,    2.67,    0.58,194108,  -1.72,193609,   1.31,193708,  -1.86
197403,   -2.82,    2.62,   -0.14,    2.90,    0.44,    0.56,194109,  -3.62,193610,   0.28,193709,  -6.81
197404,   -5.28,   -0.66,    0.92,    2.71,    2.14,    0.75,194110,  -3.16,193611,  -2.34,193710,  -1.46
197405,   -4.70,   -3.06,   -2.08,    5.01,   -0.33,    0.75,194111,  -1.75,193612,  -3.43,193711,  -1.31
197406,   -2.84,   -0.05,    0.83,    0.50,    2.98,    0.60,194112,  -5.89,193701,  -2.37,193712,   4.85
197407,   -8.06,    1.84,    5.16,   -3.20,    4.50,    0.70,194201,  14.78,193702,   2.25,193801,  -1.74
197408,   -9.39,    0.28,    2.61,   -0.29,    2.59,    0.60,194202,   1.28,193703,  -2.97,193802,  -2.84
197409,  -11.78,    1.47,    5.43,   -4.33,    5.82,    0.81,194203,  -0.12,193704,   1.51,193803,  15.78
197410,   16.10,   -6.78,   -9.91,   -0.29,   -2.91,    0.51,194204,  -0.08,193705,   0.02,193804,  -9.85
197411,   -4.53,   -1.41,   -0.25,   -3.42,    2.90,    0.54,194205,  -3.47,193706,  -2.14,193805,   6.98
197412,   -3.45,   -4.27,    0.12,   -0.76,    3.38,    0.70,194206,   0.08,193707,   6.69,193806, -24.87
197501,   13.67,   12.88,    8.26,   -0.54,   -1.05,    0.58,194207,   3.55,193708,   4.11,193807,  -6.77
197502,    5.56,   -0.69,   -4.47,    1.17,   -2.11,    0.43,194208,   0.05,193709,  -6.47,193808,   3.49
197503,    2.66,    3.97,    2.42,    1.25,   -1.34,    0.41,194209,   3.14,193710,  -3.66,193809,   2.45
197504,    4.22,   -0.69,   -1.13,    1.39,   -1.37,    0.44,194210,   8.89,193711,  -1.61,193810,  -7.53
197505,    5.20,    2.98,   -4.05,   -1.13,   -0.56,    0.44,194211,  -3.21,193712,  -3.20,193811,   3.32
197506,    4.87,    1.33,    1.35,   -2.70,    1.07,    0.41,194212,   1.80,193801,   6.47,193812,   2.33
197507,   -6.60,    3.40,    1.76,    0.45,    1.24,    0.48,194301,  12.30,193802,   4.47,193901,  -2.96
197508,   -2.84,   -2.77,   -0.91,    1.09,   -0.99,    0.48,194302,   9.60,193803,   8.05,193902,   3.08
197509,   -4.26,   -0.02,    0.33,    0.58,    0.57,    0.53,194303,   5.02,193804,  14.18,193903,  -1.86
197510,    5.32,   -4.25,    0.35,   -0.52,    2.28,    0.56,194304,   4.25,193805,   6.97,193904,   2.73
197511,    2.65,   -1.10,    2.03,   -0.66,    1.74,    0.41,194305,   5.58,193806,  23.80,193905,   3.47
197512,   -1.60,   -0.16,    1.70,   -0.11,    0.77,    0.48,194306,  -1.29,193807,  -4.18,193906,   2.25
197601,   12.16,    6.39,    8.63,   -1.75,    2.33,    0.47,194307,  -2.05,193808,  -1.15,193907,  -0.69
197602,    0.32,    7.91,    5.71,   -2.55,    3.70,    0.34,194308,  -0.59,193809,   1.03,193908,   5.96
197603,    2.32,   -1.38,   -0.11,   -0.38,    0.99,    0.40,194309,   2.88,193810,   3.45,193909, -31.45
197604,   -1.48,    0.10,   -0.16,    0.45,   -1.05,    0.42,194310,  -1.69,193811,   1.53,193910,   6.55
197605,   -1.35,   -1.09,   -1.29,    2.43,   -1.39,    0.37,194311,  -4.16,193812,   2.52,193911,  -0.39
197606,    4.05,   -1.07,    0.73,   -0.67,    1.02,    0.43,194312,   3.28,193901,   4.25,193912,   5.42
197607,   -1.06,    0.61,    1.74,   -1.03,    0.30,    0.47,194401,   2.44,193902,   3.87,194001,   1.74
197608,   -0.57,   -2.02,    0.79,   -0.40,   -0.57,    0.42,194402,  -0.38,193903,   5.00,194002,   1.67
197609,    2.04,    0.20,   -0.31,    0.98,   -1.14,    0.44,194403,   1.44,193904,   3.39,194003,  -0.54
197610,   -2.42,    0.05,   -0.17,   -0.19,   -0.37,    0.41,194404,  -0.52,193905,   3.49,194004,   3.35
197611,    0.37,    2.70,    1.53,   -1.31,    0.07,    0.40,194405,  -0.22,193906,   3.56,194005,   2.77
197612,    5.65,    3.60,    2.23,   -0.72,    2.41,    0.40,194406,   0.45,193907,  13.91,194006,  -2.46
197701,   -4.04,    5.91,    4.32,   -0.54,    1.93,    0.36,194407,   1.19,193908,   7.04,194007,   0.93
197702,   -1.94,    1.05,    0.45,   -0.21,   -0.19,    0.35,194408,   0.56,193909,  19.93,194008,  -1.80
197703,   -1.35,    1.29,    1.09,   -0.32,   -0.11,    0.38,194409,   0.06,193910,  12.96,194009,  -0.06
197704,    0.15,    0.60,    3.38,   -1.98,    1.04,    0.38,194410,  -0.77,193911,  -8.97,194010,  -5.76
197705,   -1.47,    1.37,    0.81,    0.43,    0.22,    0.37,194411,  -2.34,193912,  -0.64,194011,   1.31
197706,    4.72,    2.10,   -0.62,    0.91,   -1.27,    0.40,194412,  -0.34,194001,   3.04,194012,   3.54
197707,   -1.69,    1.81,   -0.60,    0.75,    0.12,    0.42,194501,   0.60,194002,   2.74,194101,  -4.40
197708,   -1.76,    0.93,   -2.77,    1.04,   -0.67,    0.44,194502,  -0.17,194003,   1.83,194102,   1.04
197709,   -0.27,    1.62,   -0.26,    0.92,   -0.65,    0.43,194503,   0.12,194004,   2.07,194103,   2.47
197710,   -4.39,    1.41,    1.62,   -0.09,   -0.46,    0.49,194504,  -1.83,194005,  -0.39,194104,   3.05
197711,    4.02,    3.60,    0.23,   -0.06,    0.68,    0.50,194505,  -0.87,194006,   5.71,194105,   2.52
197712,    0.27,    1.61,   -0.29,    0.93,   -0.66,    0.49,194506,   0.97,194007,   2.48,194106,  -0.77
197801,   -5.99,    2.76,    3.38,   -1.80,    1.56,    0.49,194507,   1.73,194008,   1.24,194107,  -1.56
197802,   -1.39,    3.70,    0.81,    0.30,    1.05,    0.46,194508,  -0.50,194009,  -0.55,194108,   0.18
197803,    2.85,    3.65,    1.15,   -0.57,    2.00,    0.53,194509,  -1.86,194010,   0.30,194109,  -1.59
197804,    7.87,   -0.32,   -3.54,    2.87,   -1.27,    0.54,194510,  -3.63,194011,   0.98,194110,   4.90
197805,    1.76,    4.54,   -0.55,    0.20,    0.29,    0.51,194511,  -4.18,194012,   2.19,194111,   4.41
197806,   -1.69,    1.64,    0.60,   -1.41,   -0.12,    0.54,194512,  -1.44,194101,   4.10,194112,   0.40
197807,    5.12,    0.17,   -1.00,    1.47,   -0.73,    0.56,194601,   1.26,194102,   0.59,194201,  -3.82
197808,    3.79,    4.93,   -0.66,    1.57,    0.50,    0.56,194602,   2.05,194103,   1.83,194202,  -0.72
197809,   -1.45,   -0.38,    1.88,   -0.69,    1.57,    0.62,194603,  -2.92,194104,  -1.92,194203,  -0.26
197810,  -11.91,  -10.04,    1.26,    0.17,    1.14,    0.68,194604,  -0.58,194105,   1.04,194204,  -0.83
197811,    2.72,    2.90,   -2.08,    1.09,   -1.19,    0.70,194605,  -2.09,194106,   1.12,194205,  -4.78
197812,    0.88,    1.01,   -2.14,    2.01,   -1.47,    0.78,194606,   1.57,194107,   0.93,194206,  -1.36
197901,    4.22,    3.74,    2.19,   -2.40,    1.58,    0.77,194607,   1.86,194108,   0.84,194207,   0.79
197902,   -3.56,    0.53,    1.17,   -1.11,    0.96,    0.73,194608,   2.29,194109,  -0.41,194208,   0.02
197903,    5.67,    3.17,   -0.68,    0.54,    0.29,    0.81,194609,   5.75,194110,  -1.92,194209,  -0.89
197904,   -0.07,    2.40,    1.12,    1.14,    0.24,    0.80,194610,   1.21,194111,  -1.99,194210,  -4.31
197905,   -2.21,    0.18,    1.32,   -1.56,   -0.31,    0.82,194611,   3.53,194112,  -2.01,194211,  -1.07
197906,    3.84,    0.94,    1.42,   -1.58,   -0.56,    0.81,194612,   0.40,194201,   9.57,194212,   3.18
197907,    0.83,    1.27,    1.79,   -0.44,    0.52,    0.77,194701,  -0.36,194202,   0.89,194301,  -0.30
197908,    5.54,    1.85,   -1.58,    1.50,   -1.46,    0.77,194702,   0.63,194203,  -1.93,194302,  -1.63
197909,   -0.83,   -0.28,   -0.94,    0.84,    0.50,    0.83,194703,   2.97,194204,   0.68,194303,   4.72
197910,   -8.10,   -3.49,   -1.83,    0.96,    0.14,    0.87,194704,   5.16,194205,  -0.29,194304,   5.86
197911,    5.23,    2.51,   -3.21,   -0.03,   -1.83,    0.99,194705,   3.16,194206,   0.71,194305,   5.90
197912,    1.78,    4.27,   -2.13,   -0.67,   -1.01,    0.95,194706,  -2.24,194207,   2.33,194306,  -1.32
198001,    5.50,    1.88,    1.85,   -1.84,    1.89,    0.80,194707,  -3.69,194208,   0.17,194307,  -4.51
198002,   -1.23,   -1.62,    0.59,   -0.95,    2.92,    0.89,194708,   2.37,194209,   1.15,194308,   0.90
198003,  -12.89,   -6.97,   -0.96,    1.82,   -1.05,    1.21,194709,  -0.54,194210,  -1.40,194309,   1.73
198004,    3.96,    1.05,    1.03,   -2.18,    0.34,    1.26,194710,  -1.05,194211,   6.47,194310,  -0.69
198005,    5.26,    2.00,    0.38,    0.43,   -0.63,    0.81,194711,   1.85,194212,   2.13,194311,  -4.47
198006,    2.97,    1.46,   -0.80,   -0.20,   -0.81,    0.61,194712,  -0.13,194301,   5.93,194312,   5.94
198007,    6.51,    3.74,   -6.29,    4.06,   -2.44,    0.53,194801,   1.19,194302,  -5.64,194401,   0.75
198008,    1.75,    4.23,   -2.46,    2.05,   -0.73,    0.64,194802,   2.58,194303,  -2.08,194402,   0.34
198009,    2.19,    0.63,   -4.61,    1.90,   -2.86,    0.75,194803,  -1.54,194304,   0.84,194403,   2.61
198010,    1.04,    2.21,   -2.93,    1.77,   -1.43,    0.95,194804,   0.29,194305,  -0.64,194404,   0.51
198011,    9.60,   -3.27,   -8.11,    4.26,   -5.52,    0.96,194805,  -0.86,194306,   1.96,194405,   1.90
198012,   -4.46,   -0.28,    2.80,   -1.27,    1.27,    1.31,194806,   1.60,194307,   0.38,194406,  -5.52
198101,   -5.06,    3.30,    6.74,   -3.38,    4.27,    1.04,194807,   1.57,194308,   2.32,194407,   0.14
198102,    0.61,   -0.65,    0.97,    0.26,    2.06,    1.07,194808,  -0.91,194309,   0.51,194408,   4.75
198103,    3.66,    2.85,    0.61,   -2.27,   -0.56,    1.21,194809,   1.24,194310,   3.08,194409,  -1.31
198104,   -2.16,    4.72,    2.28,    0.81,    1.54,    1.08,194810,   0.37,194311,  -0.37,194410,  -1.32
198105,    0.13,    2.36,   -0.43,    0.47,   -1.78,    1.15,194811,   0.75,194312,   8.62,194411,   1.36
198106,   -2.34,   -0.93,    5.14,   -1.29,    2.69,    1.35,194812,   0.66,194401,   1.18,194412,   3.31
198107,   -1.55,   -1.95,   -0.61,    1.08,   -2.66,    1.24,194901,   0.78,194402,   0.23,194501,   0.03
198108,   -7.02,   -1.82,    4.71,   -0.31,    1.38,    1.28,194902,   1.03,194403,  -0.23,194502,   3.20
198109,   -7.20,   -2.46,    5.11,    0.08,    2.53,    1.24,194903,  -0.52,194404,   1.94,194503,  -3.07
198110,    4.92,    2.28,   -4.09,    3.12,   -2.79,    1.21,194904,   0.09,194405,   2.53,194504,   4.71
198111,    3.40,   -1.58,    1.91,    0.14,    1.00,    1.07,194905,   1.29,194406,  -1.38,194505,   0.15
198112,   -3.63,    1.18,    0.79,    0.21,    2.45,    0.87,194906,  -0.74,194407,   3.08,194506,   4.14
198201,   -3.23,   -1.10,    3.19,   -1.43,    1.95,    0.80,194907,  -0.38,194408,   2.31,194507,  -2.68
198202,   -5.86,    0.40,    6.09,   -3.55,    4.57,    0.92,194908,  -1.51,194409,   1.22,194508,  -1.30
198203,   -1.82,    0.02,    3.76,   -1.28,    2.37,    0.98,194909,  -0.57,194410,   0.51,194509,   1.37
198204,    3.24,    1.21,   -3.08,    1.50,   -0.05,    1.13,194910,  -0.23,194411,   0.69,194510,   0.17
198205,   -3.93,    0.41,    1.78,    0.96,   -0.12,    1.06,194911,  -1.83,194412,  -1.72,194511,   4.31
198206,   -3.08,   -0.51,    1.56,    0.09,    2.53,    0.96,194912,   3.42,194501,   3.32,194512,   1.23
198207,   -3.20,    1.01,    0.07,    1.00,    1.44,    1.05,195001,   2.24,194502,   0.89,194601,   3.77
198208,   11.15,   -4.46,    1.09,   -1.85,    0.17,    0.76,195002,  -0.02,194503,   3.63,194602,  -1.43
198209,    1.32,    2.55,    0.23,    2.16,   -0.02,    0.51,195003,  -0.64,194504,   4.08,194603,   2.70
198210,   11.24,    1.96,   -3.62,    0.20,   -0.30,    0.59,195004,   2.88,194505,   2.15,194604,   3.04
198211,    4.68,    4.39,   -1.80,   -1.02,    0.29,    0.63,195005,  -2.86,194506,  -0.05,194605,  -0.53
198212,    0.56,   -0.14,   -0.06,    0.00,    1.00,    0.67,195006,  -3.14,194507,   3.44,194606,  -2.51
198301,    3.59,    3.41,   -0.72,   -1.52,   -0.56,    0.69,195007,   7.59,194508,   1.93,194607,   0.22
198302,    2.59,    2.88,    0.66,   -0.36,    1.01,    0.62,195008,  -3.21,194509,   0.12,194608,  -0.05
198303,    2.81,    1.37,    2.06,   -0.19,    2.80,    0.63,195009,   0.32,194510,  -1.23,194609,   0.70
198304,    6.65,    0.43,    0.43,   -0.07,    1.51,    0.71,195010,  -0.45,194511,  -1.85,194610,   0.91
198305,    0.51,    6.26,   -1.40,   -1.81,   -1.43,    0.69,195011,   0.78,194512,   2.35,194611,   0.28
198306,    3.07,    1.16,   -3.89,    2.55,   -0.78,    0.67,195012,   7.38,194601,   1.88,194612,   0.09
198307,   -4.06,    1.05,    5.54,   -0.07,    2.88,    0.74,195101,   2.73,194602,   2.88,194701,  -6.32
198308,   -0.50,   -4.32,    5.59,    0.52,    1.85,    0.76,195102,  -3.15,194603,  -1.16,194702,  -0.50
198309,    0.91,    0.30,    0.99,    1.21,    0.50,    0.76,195103,  -2.89,194604,  -4.50,194703,   4.10
198310,   -3.43,   -3.75,    4.96,   -0.82,    3.00,    0.76,195104,  -0.31,194605,   2.19,194704,   5.41
198311,    2.16,    1.87,   -0.73,   -0.68,    0.64,    0.70,195105,  -1.67,194606,   1.53,194705,   3.37
198312,   -1.77,   -0.42,    1.75,    1.55,    1.33,    0.73,195106,  -4.57,194607,  -0.60,194706,  -1.84
198401,   -1.92,    0.00,    7.48,   -0.88,    2.88,    0.76,195107,   1.07,194608,  -1.07,194707,  -3.38
198402,   -4.76,   -1.58,    3.41,    1.04,    1.51,    0.71,195108,  -0.51,194609,  -2.95,194708,   3.40
198403,    0.65,   -0.25,    0.53,   -0.97,    1.15,    0.73,195109,   1.25,194610,   1.13,194709,   0.10
198404,   -0.51,   -0.94,    1.19,    3.30,    0.77,    0.81,195110,  -0.61,194611,  -0.01,194710,   1.56
198405,   -5.98,    0.14,    0.26,    2.41,   -0.51,    0.78,195111,  -0.33,194612,   0.00,194711,   4.26
198406,    1.81,    0.16,   -2.75,    3.08,   -1.57,    0.75,195112,  -2.14,194701,   4.62,194712,   3.64
198407,   -2.72,   -2.21,    0.39,    3.52,   -2.16,    0.82,195201,  -1.02,194702,   0.83,194801,  -4.19
198408,   10.27,   -0.28,   -1.74,   -0.73,   -0.91,    0.83,195202,   0.90,194703,   0.33,194802,   1.41
198409,   -0.80,   -0.04,    5.25,    1.37,    2.39,    0.86,195203,  -2.36,194704,  -2.83,194803,  -0.25
198410,   -0.84,   -1.34,    0.59,    1.14,   -1.04,    1.00,195204,   1.83,194705,  -2.03,194804,   4.16
198411,   -1.77,   -1.06,    3.87,    0.80,    1.95,    0.73,195205,  -1.85,194706,   0.41,194805,   2.33
198412,    1.84,   -0.74,   -0.29,    1.28,   -1.28,    0.64,195206,  -1.83,194707,   2.20,194806,   3.97
198501,    7.97,    3.45,   -5.21,   -0.99,   -3.46,    0.65,195207,  -0.60,194708,   1.59,194807,  -1.60
198502,    1.22,    0.97,   -0.24,    1.42,    1.10,    0.58,195208,   0.43,194709,  -0.40,194808,   0.20
198503,   -0.84,   -1.38,    4.01,    1.23,    2.86,    0.62,195209,   0.89,194710,   2.25,194809,  -1.36
198504,   -0.96,   -0.14,    3.60,    1.62,    0.71,    0.72,195210,   0.55,194711,   0.05,194810,   2.73
198505,    5.07,   -2.36,   -0.98,    1.27,   -1.43,    0.66,195211,  -0.78,194712,  -0.62,194811,   0.58
198506,    1.27,    0.21,    0.38,    1.69,   -1.02,    0.55,195212,  -0.72,194801,   3.99,194812,   4.66
198507,   -0.72,    2.85,   -1.62,   -0.36,   -0.37,    0.62,195301,   1.51,194802,   0.68,194901,  -2.92
198508,   -1.01,   -0.30,    2.34,   -0.16,    1.93,    0.55,195302,   0.98,194803,   6.07,194902,  -0.43
198509,   -4.50,   -1.84,    1.21,    1.11,    1.58,    0.60,195303,   1.01,194804,  -0.33,194903,  -0.79
198510,    4.00,   -1.47,    0.77,    0.88,   -1.06,    0.65,195304,   1.85,194805,   1.07,194904,   3.13
198511,    6.46,   -0.05,   -2.91,    0.32,   -2.35,    0.61,195305,  -1.24,194806,   1.09,194905,   3.06
198512,    3.88,   -0.41,   -1.46,    0.96,   -1.77,    0.65,195306,  -0.95,194807,   1.46,194906,  -1.29
198601,    0.65,    0.95,    0.46,   -1.99,   -1.99,    0.56,195307,  -0.60,194808,   0.58,194907,  -1.47
198602,    7.14,   -0.72,   -0.63,    1.16,   -1.23,    0.53,195308,   0.78,194809,   0.35,194908,   1.58
198603,    4.91,   -0.63,   -0.39,    1.00,    0.81,    0.60,195309,  -0.38,194810,   2.52,194909,  -1.40
198604,   -1.28,    2.81,   -2.81,    2.90,   -0.10,    0.52,195310,  -3.46,194811,   3.96,194910,   0.02
198605,    4.63,   -1.29,   -0.14,    2.07,    1.10,    0.49,195311,  -0.69,194812,   0.10,194911,   1.25
198606,    1.06,   -0.87,    1.20,    1.85,    0.83,    0.52,195312,  -1.23,194901,   4.33,194912,  -0.82
198607,   -6.43,   -3.53,    4.66,   -0.55,    0.81,    0.52,195401,  -0.41,194902,  -1.11,195001,  -2.36
198608,    6.07,   -4.34,    3.54,   -1.71,    3.32,    0.46,195402,  -0.94,194903,   2.62,195002,   1.37
198609,   -8.59,    2.10,    3.23,   -0.17,    3.71,    0.45,195403,  -2.18,194904,   0.55,195003,   1.47
198610,    4.64,   -2.37,   -1.42,   -0.01,    1.01,    0.46,195404,  -3.08,194905,  -1.73,195004,   0.26
198611,    1.16,   -1.86,   -0.02,    0.98,    0.70,    0.39,195405,  -1.16,194906,  -0.27,195005,   0.36
198612,   -3.26,    0.19,    0.36,    0.87,    0.09,    0.49,195406,  -1.14,194907,   2.63,195006,  -1.59
198701,   12.44,   -1.61,   -3.18,    0.17,   -1.03,    0.42,195407,   0.72,194908,   1.14,195007,  -0.51
198702,    4.37,    3.36,   -5.86,   -0.79,   -2.55,    0.43,195408,   0.14,194909,   0.43,195008,   3.24
198703,    1.63,    0.32,    1.66,    1.30,    4.17,    0.47,195409,  -3.35,194910,   0.53,195009,  -0.18
198704,   -2.09,   -1.58,   -0.36,   -0.52,    1.16,    0.44,195410,  -0.98,194911,   0.36,195010,   1.51
198705,    0.11,   -0.58,    0.22,    0.49,    1.13,    0.38,195411,  -1.66,194912,   0.65,195011,   3.52
198706,    3.91,   -2.11,    1.13,    1.56,    1.07,    0.48,195412,  -0.03,195001,   0.73,195012,   4.94
198707,    3.84,   -1.07,    0.94,   -0.65,    1.58,    0.46,195501,  -1.06,195002,   1.12,195101,   2.32
198708,    3.52,   -1.01,   -0.98,    2.11,   -1.55,    0.47,195502,  -1.81,195003,   0.92,195102,  -1.95
198709,   -2.58,    0.45,    0.26,   -0.88,    1.82,    0.45,195503,   0.07,195004,   2.04,195103,  -2.93
198710,  -23.19,   -7.91,    4.18,    2.29,    2.24,    0.60,195504,  -0.03,195005,  -1.11,195104,   5.98
198711,   -7.76,    2.78,    3.14,   -1.93,    0.60,    0.35,195505,  -0.05,195006,   1.04,195105,  -0.96
198712,    6.82,   -0.01,   -4.42,    3.13,   -2.46,    0.39,195506,  -3.26,195007,   0.61,195106,  -2.45
198801,    4.21,   -0.56,    4.93,   -1.19,    2.10,    0.29,195507,  -0.34,195008,   5.28,195107,   7.18
198802,    4.77,    3.30,   -1.53,    1.51,    0.06,    0.46,195508,   0.14,195009,   0.35,195108,   0.66
198803,   -2.26,    6.11,    0.86,   -0.23,    1.78,    0.44,195509,   0.06,195010,   2.72,195109,   0.59
198804,    0.56,    1.09,    1.51,   -0.09,    1.90,    0.46,195510,  -0.19,195011,   1.07,195110,  -0.21
198805,   -0.27,   -2.52,    2.44,   -0.77,    0.30,    0.51,195511,  -3.14,195012,  -5.69,195111,   0.47
198806,    4.78,    2.07,   -1.35,    1.52,   -3.52,    0.49,195512,  -0.48,195101,   3.02,195112,   1.75
198807,   -1.25,   -0.18,    2.18,   -0.49,    1.53,    0.51,195601,   1.31,195102,   2.54,195201,   1.37
198808,   -3.31,   -0.02,    2.14,   -0.85,    1.65,    0.59,195602,  -1.78,195103,  -0.34,195202,  -0.68
198809,    3.31,   -1.38,   -0.75,    1.76,   -0.55,    0.62,195603,  -2.85,195104,   1.76,195203,   1.65
198810,    1.16,   -2.97,    2.03,    1.39,    0.99,    0.61,195604,  -1.15,195105,   1.86,195204,  -2.01
198811,   -2.27,   -1.58,    1.47,   -0.36,    1.64,    0.57,195605,   0.10,195106,  -1.98,195205,   0.56
198812,    1.48,    1.94,   -1.83,    0.69,   -0.38,    0.63,195606,  -1.51,195107,   3.99,195206,   1.49
198901,    6.06,   -2.26,    0.61,   -0.97,    0.11,    0.55,195607,  -1.91,195108,   0.17,195207,  -0.55
198902,   -2.23,    2.70,    0.99,   -0.84,    1.88,    0.61,195608,   0.61,195109,   1.18,195208,   0.34
198903,    1.57,    0.68,    0.47,   -0.01,    0.65,    0.67,195609,   1.04,195110,   2.40,195209,   1.73
198904,    4.35,   -0.75,   -1.48,    0.73,   -0.48,    0.67,195610,  -0.37,195111,   1.07,195210,   2.73
198905,    3.28,   -0.06,   -0.90,    0.45,   -0.26,    0.79,195611,   2.42,195112,   1.42,195211,   0.36
198906,   -1.33,   -1.04,    2.21,    0.13,    1.52,    0.71,195612,  -1.30,195201,   1.79,195212,   1.54
198907,    7.18,   -4.11,   -2.80,    2.05,   -0.56,    0.70,195701,   4.94,195202,   1.07,195301,   0.74
198908,    1.43,    0.48,    0.62,    0.36,   -0.61,    0.74,195702,   1.10,195203,   0.69,195302,   0.80
198909,   -0.76,    0.47,   -1.27,    1.39,    0.58,    0.65,195703,  -0.63,195204,   0.38,195303,   0.14
198910,   -3.65,   -3.30,   -1.16,    0.08,   -0.11,    0.68,195704,  -1.89,195205,   1.65,195304,   1.84
198911,    1.04,   -1.26,   -1.13,   -0.74,    1.38,    0.69,195705,  -2.11,195206,   0.74,195305,   0.91
198912,    1.18,   -2.28,    0.15,   -0.07,    1.31,    0.61,195706,  -1.51,195207,   1.10,195306,   0.00
199001,   -7.80,   -1.21,    0.83,   -1.12,    1.40,    0.57,195707,  -0.48,195208,   0.36,195307,  -0.37
199002,    1.11,    1.15,    0.65,   -0.04,   -0.61,    0.57,195708,   2.13,195209,  -1.20,195308,   2.12
199003,    1.83,    1.59,   -2.90,    1.99,   -0.94,    0.64,195709,   2.44,195210,   0.77,195309,   2.90
199004,   -3.36,   -0.35,   -2.57,    1.78,   -1.00,    0.69,195710,  -0.11,195211,   1.86,195310,   0.25
199005,    8.44,   -2.41,   -3.89,    1.68,   -1.63,    0.68,195711,  -0.72,195212,   2.07,195311,   1.96
199006,   -1.09,    1.31,   -2.00,   -0.99,   -0.39,    0.63,195712,   1.69,195301,   2.13,195312,   5.21
199007,   -1.90,   -3.15,   -0.06,   -0.10,    3.21,    0.68,195801,   2.60,195302,  -0.58,195401,  -5.84
199008,  -10.13,   -3.79,    1.56,   -0.48,    2.99,    0.66,195802,   0.74,195303,   0.63,195402,   1.04
199009,   -6.11,   -3.72,    0.59,    0.03,    3.62,    0.60,195803,  -0.50,195304,   0.66,195403,   2.13
199010,   -1.91,   -5.06,    0.08,    3.17,   -0.25,    0.68,195804,   1.14,195305,   0.33,195404,   5.08
199011,    6.35,    0.02,   -2.97,    0.58,   -4.71,    0.57,195805,   0.31,195306,  -0.09,195405,  -2.02
199012,    2.48,    0.60,   -1.57,    2.66,   -1.98,    0.60,195806,  -0.69,195307,   0.85,195406,   3.55
199101,    4.69,    3.87,   -1.48,    1.34,   -4.07,    0.52,195807,  -2.08,195308,   0.35,195407,   0.43
199102,    7.21,    4.02,   -0.62,   -0.06,   -0.34,    0.48,195808,   0.62,195309,  -0.77,195408,  -0.67
199103,    2.67,    3.81,   -1.30,   -0.52,   -0.99,    0.44,195809,  -0.61,195310,   0.22,195409,   1.66
199104,   -0.29,    0.35,    1.49,    0.67,    0.81,    0.53,195810,  -1.18,195311,  -0.18,195410,   0.92
199105,    3.66,    0.14,   -0.52,    2.07,   -2.36,    0.47,195811,  -0.31,195312,  -1.38,195411,   1.87
199106,   -4.94,    0.30,    1.08,    1.75,    0.68,    0.42,195812,  -0.33,195401,   5.00,195412,  -1.40
199107,    4.24,   -1.00,   -1.30,    1.60,   -1.44,    0.49,195901,   1.90,195402,   1.23,195501,   1.47
199108,    2.32,    1.42,   -0.79,    0.85,   -0.32,    0.46,195902,   0.34,195403,   0.10,195502,   1.04
199109,   -1.59,    1.58,   -1.23,   -1.77,   -0.04,    0.46,195903,  -0.39,195404,  -1.42,195503,   0.96
199110,    1.29,    0.85,   -0.43,   -1.65,   -0.30,    0.42,195904,  -0.44,195405,   2.57,195504,  -0.01
199111,   -4.20,   -0.88,   -1.77,    1.10,   -0.12,    0.39,195905,   0.92,195406,   1.92,195505,   0.61
199112,   10.86,   -2.41,   -4.23,    3.67,   -3.14,    0.38,195906,  -0.12,195407,   1.27,195506,   4.72
199201,   -0.59,    9.19,    4.67,   -1.17,    3.25,    0.34,195907,  -0.38,195408,   2.08,195507,  -1.22
199202,    1.09,    1.30,    6.51,    0.07,    2.25,    0.28,195908,  -1.11,195409,  -0.34,195508,   1.76
199203,   -2.66,   -0.89,    3.49,   -0.06,    1.82,    0.34,195909,  -0.24,195410,   0.33,195509,   1.83
199204,    1.09,   -5.75,    4.36,    1.65,    2.40,    0.32,195910,  -0.09,195411,  -0.56,195510,  -0.52
199205,    0.30,    0.20,    1.11,   -0.91,    0.49,    0.28,195911,  -0.34,195412,  -0.26,195511,   2.57
199206,   -2.33,   -2.76,    3.24,   -0.06,    0.95,    0.32,195912,  -0.53,195501,   1.73,195512,  -1.30
199207,    3.78,   -0.65,   -0.51,    1.24,   -0.97,    0.31,196001,   0.94,195502,   1.61,195601,  -1.48
199208,   -2.38,   -0.39,   -1.09,    3.66,   -1.64,    0.26,196002,  -0.83,195503,   1.21,195602,   2.01
199209,    1.19,    0.47,   -0.19,    1.61,   -0.68,    0.26,196003,  -1.53,195504,   1.32,195603,   3.52
199210,    1.02,    2.09,   -1.98,    1.19,   -0.91,    0.23,196004,  -1.18,195505,   0.07,195604,   2.67
199211,    4.14,    3.88,   -1.52,   -0.54,   -1.58,    0.23,196005,  -3.38,195506,  -0.84,195605,  -1.60
199212,    1.53,    1.65,    2.64,   -0.52,    0.83,    0.28,196006,   0.05,195507,  -1.43,195606,   2.67
199301,    0.93,    1.94,    5.90,   -1.90,    2.94,    0.23,196007,   0.21,195508,   2.58,195607,   2.53
199302,    0.12,   -3.37,    6.48,   -0.47,    4.15,    0.22,196008,   0.95,195509,   2.51,195608,  -0.71
199303,    2.32,    0.09,    1.26,   -0.22,    0.82,    0.25,196009,   1.23,195510,  -0.06,195609,  -0.76
199304,   -3.05,   -0.81,    2.55,   -3.69,    1.38,    0.24,196010,   1.29,195511,   3.57,195610,   2.40
199305,    2.89,    1.94,   -3.46,   -0.14,   -1.03,    0.22,196011,  -2.53,195512,  -0.07,195611,   3.42
199306,    0.30,    0.12,    2.64,   -0.91,    1.16,    0.25,196012,  -0.57,195601,   0.92,195612,   3.79
199307,   -0.34,    0.96,    2.87,   -1.84,    2.05,    0.24,196101,   3.58,195602,   2.93,195701,  -3.06
199308,    3.72,    0.08,    0.18,   -1.52,    0.04,    0.25,196102,  -2.80,195603,  -2.38,195702,   0.36
199309,   -0.12,    3.02,   -0.24,    0.25,   -0.19,    0.26,196103,  -3.08,195604,  -1.50,195703,  -0.27
199310,    1.41,    1.86,   -2.78,    0.61,    0.56,    0.22,196104,   0.86,195605,   2.01,195704,   0.98
199311,   -1.86,   -1.31,   -0.78,    2.19,   -1.03,    0.25,196105,   0.74,195606,   0.99,195705,   0.17
199312,    1.65,    1.35,    0.25,    1.14,   -0.35,    0.23,196106,  -1.68,195607,  -1.20,195706,   0.69
199401,    2.87,   -0.05,    1.10,   -1.54,    1.39,    0.25,196107,  -0.27,195608,   2.08,195707,  -0.03
199402,   -2.55,    2.62,   -1.52,    2.08,   -0.94,    0.21,196108,  -1.66,195609,  -1.36,195708,   0.46
199403,   -4.79,   -1.03,    1.67,    0.65,    1.39,    0.27,196109,  -2.73,195610,   0.54,195709,   0.60
199404,    0.68,   -1.00,    1.66,    1.05,    1.14,    0.27,196110,  -0.41,195611,  -1.44,195710,   2.02
199405,    0.58,   -2.49,    0.60,    0.64,    0.60,    0.32,196111,  -2.51,195612,   0.03,195711,   1.29
199406,   -3.04,   -0.52,    1.77,    1.05,    1.50,    0.31,196112,   3.32,195701,   3.60,195712,   7.81
199407,    2.82,   -1.87,    0.61,   -0.66,    0.10,    0.28,196201,   6.76,195702,  -0.09,195801,  -7.72
199408,    4.02,    1.44,   -2.55,    0.98,   -1.52,    0.37,196202,   1.12,195703,   1.08,195802,   3.72
199409,   -2.28,    2.71,   -1.81,    0.56,    1.06,    0.37,196203,  -1.12,195704,  -0.58,195803,  -1.65
199410,    1.35,   -2.22,   -1.66,    0.18,   -0.73,    0.38,196204,   0.53,195705,   0.08,195804,   1.90
199411,   -4.03,    0.09,   -0.73,    0.48,   -0.53,    0.37,196205,   3.34,195706,  -0.85,195805,  -1.74
199412,    0.86,   -0.05,   -0.09,    0.40,    0.36,    0.44,196206,   1.71,195707,   0.52,195806,  -0.89
199501,    1.80,   -3.07,    2.59,    0.15,   -0.65,    0.42,196207,  -1.87,195708,   0.35,195807,  -3.56
199502,    3.63,   -0.49,    0.99,    0.61,   -0.40,    0.40,196208,  -1.09,195709,  -4.00,195808,   0.14
199503,    2.19,   -0.53,   -2.13,   -0.13,    0.23,    0.46,196209,   1.76,195710,  -3.45,195809,  -1.13
199504,    2.11,   -0.26,    1.67,    0.43,    0.82,    0.44,196210,   0.82,195711,  -0.11,195810,   3.13
199505,    2.90,   -2.17,    2.28,    0.41,    0.01,    0.54,196211,   0.81,195712,  -1.20,195811,   1.53
199506,    2.72,    3.05,   -2.54,   -0.23,   -2.39,    0.47,196212,  -0.47,195801,   5.52,195812,  -0.71
199507,    3.71,    2.12,   -1.58,    0.22,   -1.58,    0.45,196301,   1.63,195802,   1.79,195901,  -0.29
199508,    0.55,    1.70,    2.68,   -1.17,    1.49,    0.47,196302,   0.70,195803,   1.00,195902,   3.40
199509,    3.36,   -1.86,   -0.11,    0.99,    0.40,    0.43,196303,   1.29,195804,  -0.42,195903,   0.22
199510,   -1.51,   -4.07,   -0.49,    1.93,   -0.10,    0.47,196304,   1.02,195805,   1.37,195904,   3.16
199511,    3.96,   -1.06,    0.52,   -0.57,    1.00,    0.42,196305,   2.41,195806,   1.97,195905,   1.50
199512,    1.04,    0.65,    0.24,   -1.44,    3.02,    0.49,196306,  -0.21,195807,   2.83,195906,   3.14
199601,    2.26,   -2.64,    0.46,    0.26,    2.30,    0.43,196307,  -1.01,195808,   1.71,195907,  -0.35
199602,    1.33,    1.77,   -1.05,    0.16,   -1.89,    0.39,196308,   1.53,195809,   2.52,195908,  -1.00
199603,    0.74,    1.56,    0.42,    1.44,   -0.95,    0.39,196309,  -0.13,195810,   1.34,195909,   0.78
199604,    2.05,    4.70,   -3.97,   -0.20,   -2.03,    0.46,196310,  -0.28,195811,   0.71,195910,   3.43
199605,    2.36,    3.23,   -0.90,    0.03,   -0.33,    0.42,196311,   0.01,195812,   1.73,195911,   2.29
199606,   -1.13,   -3.67,    2.33,    3.50,    1.20,    0.40,196312,   0.01,195901,   1.11,195912,   1.03
199607,   -5.96,   -3.78,    5.19,    2.90,    2.68,    0.45,196401,   0.07,195902,   0.60,196001,  -3.51
199608,    2.77,    2.58,   -0.82,   -0.38,   -2.47,    0.41,196402,   1.36,195903,   0.41,196002,   4.00
199609,    5.01,   -1.41,   -2.74,    1.30,   -2.13,    0.44,196403,   3.88,195904,   0.76,196003,   1.41
199610,    0.87,   -3.79,    4.88,    1.38,    2.97,    0.42,196404,  -2.49,195905,  -0.78,196004,   2.84
199611,    6.25,   -3.82,    1.40,    2.06,   -0.69,    0.41,196405,  -0.12,195906,   0.88,196005,   4.79
199612,   -1.70,    3.19,    1.28,    0.23,    1.49,    0.46,196406,  -0.50,195907,  -0.11,196006,   0.89
199701,    4.97,   -1.82,   -1.44,    1.22,   -0.07,    0.45,196407,   0.05,195908,  -0.49,196007,  -0.70
199702,   -0.48,   -2.54,    5.61,    0.72,    3.47,    0.39,196408,  -0.81,195909,  -0.09,196008,   1.51
199703,   -5.02,   -0.41,    3.39,    0.39,    1.53,    0.43,196409,   3.73,195910,   1.09,196009,   0.38
199704,    4.04,   -5.70,    0.00,    3.36,   -1.02,    0.43,196410,  -0.72,195911,  -1.57,196010,   1.26
199705,    6.73,    4.68,   -4.11,   -1.04,   -2.76,    0.49,196411,  -1.63,195912,   1.46,196011,   3.64
199706,    4.10,    1.17,    1.44,    0.56,    0.45,    0.37,196412,  -1.63,196001,   3.68,196012,   1.36
199707,    7.31,   -2.74,    0.13,    0.18,   -2.56,    0.43,196501,   2.36,196002,  -0.52,196101,  -4.12
199708,   -4.09,    7.50,    1.13,   -1.02,   -0.17,    0.41,196502,   2.86,196003,  -0.82,196102,   0.99
199709,    5.34,    2.48,    0.24,   -1.58,   -0.93,    0.44,196503,   0.61,196004,  -2.30,196103,   4.32
199710,   -3.81,   -0.56,    2.33,    0.75,    2.01,    0.42,196504,   0.18,196005,  -3.54,196104,   3.62
199711,    2.99,   -5.01,    1.22,    3.08,    1.73,    0.39,196505,  -0.04,196006,   1.16,196105,  -1.57
199712,    1.36,   -2.09,    3.74,    0.64,    1.95,    0.48,196506,  -1.84,196007,   1.11,196106,   0.30
199801,    0.14,   -1.28,   -1.68,    0.91,   -0.62,    0.43,196507,   1.52,196008,  -1.65,196107,   0.22
199802,    7.04,    0.05,   -0.93,   -0.37,   -2.58,    0.39,196508,   1.61,196009,  -0.01,196108,   1.64
199803,    4.76,   -0.73,    1.38,   -0.55,   -0.23,    0.39,196509,   1.99,196010,  -2.19,196109,   0.79
199804,    0.74,    0.01,    1.03,   -1.68,   -0.36,    0.43,196510,   0.90,196011,   1.15,196110,   3.07
199805,   -3.05,   -3.00,    3.41,    1.03,    2.47,    0.40,196511,   0.98,196012,   0.80,196111,   1.34
199806,    3.21,   -3.61,   -2.03,   -0.26,   -3.03,    0.41,196512,  -0.30,196101,   1.30,196112,  -2.18
199807,   -2.42,   -5.20,   -1.83,    1.64,    0.76,    0.40,196601,   1.51,196102,   1.33,196201,  -2.04
199808,  -16.05,   -4.97,    3.57,    3.35,    5.78,    0.43,196602,   1.38,196103,   1.47,196202,  -1.00
199809,    6.19,   -0.89,   -3.51,   -1.84,   -2.84,    0.46,196603,   0.56,196104,   1.95,196203,   1.89
199810,    6.98,   -3.36,   -2.33,    0.88,    0.18,    0.32,196604,   1.62,196105,   3.57,196204,   2.94
199811,    6.07,    0.76,   -3.24,   -0.92,   -0.92,    0.31,196605,  -0.94,196106,   1.36,196205,   0.46
199812,    6.15,   -1.50,   -4.25,   -0.69,   -3.26,    0.38,196606,   1.42,196107,   1.36,196206,   6.40
199901,    3.47,   -0.82,   -4.46,   -2.80,   -6.41,    0.35,196607,  -0.43,196108,   1.00,196207,   0.51
199902,   -4.08,   -5.15,    1.95,   -1.23,    4.08,    0.35,196608,   2.23,196109,  -1.62,196208,  -0.57
199903,    3.48,   -4.37,   -2.61,   -4.05,   -1.07,    0.43,196609,  -1.57,196110,  -1.41,196209,   3.96
199904,    4.34,    4.52,    2.40,   -2.47,    0.84,    0.37,196610,   0.08,196111,  -0.44,196210,   0.79
199905,   -2.46,    3.75,    2.49,    0.95,    3.18,    0.34,196611,  -0.14,196112,   1.17,196211,  -7.19
199906,    4.77,    2.34,   -3.22,    0.93,   -2.91,    0.40,196612,   0.34,196201,   0.94,196212,   5.90
199907,   -3.49,    2.54,   -0.18,    0.29,    3.27,    0.38,196701,   0.54,196202,   0.86,196301,  -2.13
199908,   -1.37,   -1.67,   -1.93,   -0.24,    0.72,    0.39,196702,   2.20,196203,   0.83,196302,   2.52
199909,   -2.77,    2.48,   -2.90,   -0.96,   -0.99,    0.39,196703,  -0.73,196204,  -0.84,196303,   1.58
199910,    6.09,   -7.13,   -2.88,   -1.75,   -0.87,    0.39,196704,  -3.69,196205,  -0.22,196304,  -0.10
199911,    3.41,    5.69,   -5.65,   -4.18,   -1.84,    0.36,196705,  -0.30,196206,  -2.91,196305,   0.29
199912,    7.66,    5.10,   -7.66,   -8.00,   -5.87,    0.44,196706,  -0.46,196207,   3.52,196306,   1.16
200001,   -4.74,    4.21,   -1.12,   -6.15,    4.56,    0.41,196707,  -1.58,196208,  -0.14,196307,   1.01
200002,    2.45,   18.46,   -9.77,  -18.95,   -1.13,    0.43,196708,   0.27,196209,   2.40,196308,   1.00
200003,    5.21,  -15.54,    8.50,   11.65,   -1.20,    0.47,196709,  -0.91,196210,  -2.06,196309,   0.12
200004,   -6.35,   -4.75,    6.45,    8.07,    5.63,    0.46,196710,   0.27,196211,   5.21,196310,   3.13
200005,   -4.39,   -3.86,    4.59,    4.05,    1.47,    0.50,196711,  -2.13,196212,   5.05,196311,  -0.78
200006,    4.68,    9.95,   -8.04,   -8.31,   -3.17,    0.40,196712,   1.78,196301,   4.61,196312,   1.84
200007,   -2.48,   -0.94,    8.06,    5.72,    2.98,    0.48,196801,   6.11,196302,   1.38,196401,   1.02
200008,    7.03,   -0.95,   -1.37,   -3.06,    1.21,    0.50,196802,   2.52,196303,   1.50,196402,   0.33
200009,   -5.44,    0.27,    7.24,    2.70,    5.54,    0.51,196803,  -2.40,196304,  -0.97,196403,   0.69
200010,   -2.78,   -2.58,    5.58,    9.54,    3.71,    0.56,196804,  -4.73,196305,   0.08,196404,  -0.64
200011,  -10.70,   -0.35,   12.24,   13.05,    8.35,    0.51,196805,  -1.91,196306,   1.83,196405,   2.53
200012,    1.18,    3.26,    7.55,    1.92,    4.82,    0.50,196806,   2.71,196307,  -0.07,196406,   0.47
200101,    3.25,    5.23,   -5.05,   -5.20,   -5.21,    0.54,196807,   6.26,196308,   1.42,196407,  -0.38
200102,  -10.03,    2.87,   12.23,    9.12,    9.01,    0.38,196808,   0.82,196309,   1.20,196408,  -0.25
200103,   -7.25,    2.33,    6.47,    3.34,    3.72,    0.42,196809,  -0.08,196310,  -1.57,196409,  -0.39
200104,    7.94,   -0.88,   -4.64,   -3.18,   -3.19,    0.39,196810,   2.67,196311,   1.15,196410,   0.19
200105,    0.68,    3.55,    3.38,    0.29,    1.95,    0.32,196811,  -2.18,196312,   0.27,196411,   1.10
200106,   -1.94,    6.69,   -1.26,    1.57,   -1.67,    0.28,196812,  -0.89,196401,  -0.36,196412,  -0.69
200107,   -2.13,   -2.86,    4.95,    7.29,    2.90,    0.30,196901,   2.55,196402,   0.22,196501,  -1.38
200108,   -6.40,    2.54,    2.86,    3.81,    6.53,    0.31,196902,   2.45,196403,   0.29,196502,   0.24
200109,   -9.24,   -5.74,    1.52,    5.03,    3.35,    0.28,196903,   0.02,196404,   3.52,196503,   0.17
200110,    2.48,    5.34,   -7.31,   -2.98,   -4.36,    0.22,196904,   0.11,196405,  -1.28,196504,   2.53
200111,    7.53,   -0.36,    2.17,   -3.49,   -1.68,    0.17,196905,   1.50,196406,   0.51,196505,   0.55
200112,    1.61,    5.11,    0.83,    0.26,   -0.28,    0.15,196906,   1.49,196407,   1.83,196506,  -3.18
200201,   -1.44,    1.28,    3.42,    4.73,    2.83,    0.14,196907,   3.03,196408,  -1.14,196507,   4.09
200202,   -2.28,   -0.38,    2.34,    8.03,    5.10,    0.13,196908,  -4.55,196409,   1.25,196508,   2.58
200203,    4.24,    4.15,    1.08,   -1.83,    0.66,    0.13,196909,  -1.03,196410,   1.02,196509,   3.29
200204,   -5.21,    6.63,    4.01,    4.59,    5.35,    0.15,196910,  -1.67,196411,  -0.65,196510,   3.45
200205,   -1.36,   -3.07,    1.52,    2.31,    2.53,    0.14,196911,  -0.51,196412,   0.86,196511,   4.40
200206,   -7.23,    3.76,    0.37,    3.92,    2.66,    0.13,196912,   0.18,196501,   3.06,196512,  -0.10
200207,   -8.19,   -6.33,   -3.51,    3.84,   -1.10,    0.15,197001,   4.15,196502,  -0.53,196601,   5.28
200208,    0.50,   -1.28,    3.01,    1.37,   -1.40,    0.14,197002,   2.38,196503,   1.41,196602,   4.58
200209,  -10.34,    3.05,    1.26,    3.29,   -2.29,    0.14,197003,   5.19,196504,   0.41,196603,   1.47
200210,    7.84,   -4.29,   -3.76,   -3.16,    0.73,    0.14,197004,   6.86,196505,   0.20,196604,   5.88
200211,    5.96,    2.94,   -1.16,   -9.25,    5.16,    0.12,197005,   4.08,196506,   0.24,196605,  -4.71
200212,   -5.76,    0.55,    2.11,    6.32,   -1.79,    0.11,197006,   3.21,196507,   2.64,196606,   3.23
200301,   -2.57,    0.71,   -0.79,   -0.93,    0.69,    0.10,197007,   1.61,196508,  -1.43,196607,  -1.30
200302,   -1.88,   -0.87,   -1.36,    0.79,   -0.68,    0.09,197008,  -0.55,196509,  -1.35,196608,  -2.21
200303,    1.09,    0.77,   -2.11,    1.68,   -0.81,    0.10,197009,  -7.54,196510,  -1.23,196609,  -1.86
200304,    8.18,    1.14,    1.22,   -4.68,    0.98,    0.10,197010,   0.88,196511,  -2.42,196610,  -5.20
200305,    6.05,    4.78,    0.70,   -6.94,    3.07,    0.09,197011,   2.01,196512,   2.66,196611,   5.73
200306,    1.42,    1.65,    0.14,    0.44,   -0.40,    0.10,197012,   1.07,196601,   0.45,196612,   0.99
200307,    2.33,    4.40,   -1.53,   -3.89,    1.52,    0.07,197101,   1.32,196602,  -2.73,196701,  -7.00
200308,    2.33,    2.37,    1.64,   -2.29,    2.15,    0.07,197102,  -0.37,196603,  -0.36,196702,   3.51
200309,   -1.24,    0.57,    0.14,    0.90,    0.41,    0.08,197103,  -1.93,196604,  -0.86,196703,   1.39
200310,    6.08,    2.63,    2.21,   -1.38,    1.65,    0.07,197104,   1.52,196605,   3.39,196704,   0.52
200311,    1.35,    2.31,    1.72,    0.21,    1.68,    0.07,197105,  -0.65,196606,   2.51,196705,   0.66
200312,    4.29,   -2.51,    1.51,    0.57,    0.85,    0.08,197106,  -1.01,196607,   1.31,196706,   6.01
200401,    2.15,    2.46,    2.42,   -3.60,    3.33,    0.07,197107,  -2.89,196608,   0.25,196707,  -1.10
200402,    1.40,   -0.92,    0.95,    2.13,   -1.17,    0.06,197108,   1.86,196609,   1.02,196708,  -1.32
200403,   -1.32,    2.11,    0.23,    1.65,   -0.98,    0.09,197109,  -1.70,196610,  -1.44,196709,   2.39
200404,   -1.82,   -2.06,   -3.23,    3.46,   -2.83,    0.08,197110,  -0.03,196611,   8.96,196710,   3.68
200405,    1.18,   -0.40,   -0.18,   -1.17,    0.01,    0.06,197111,  -0.87,196612,   0.23,196711,   1.22
200406,    1.86,    2.52,    1.21,    1.12,   -0.31,    0.08,197112,   0.78,196701,   3.54,196712,   3.20
200407,   -4.04,   -2.92,    3.22,    5.21,   -1.68,    0.10,197201,   2.96,196702,   1.25,196801,  -4.46
200408,    0.08,   -1.18,    1.08,    1.21,   -1.35,    0.11,197202,  -0.99,196703,   1.87,196802,  -3.34
200409,    1.60,    3.22,   -0.05,   -1.49,   -1.72,    0.11,197203,  -1.56,196704,   0.55,196803,   3.19
200410,    1.42,    0.15,   -0.26,   -0.53,    0.41,    0.11,197204,  -0.32,196705,   1.80,196804,   5.11
200411,    4.53,    4.12,    1.57,   -0.52,   -0.18,    0.15,197205,  -1.20,196706,  -1.08,196805,   3.75
200412,    3.41,   -0.04,   -0.23,   -1.07,    0.39,    0.16,197206,  -1.15,196707,   0.02,196806,  -2.09
200501,   -2.75,   -1.11,    2.06,    2.80,   -1.41,    0.16,197207,  -0.25,196708,   0.64,196807,  -0.89
200502,    1.88,   -0.30,    1.41,    1.32,   -0.21,    0.16,197208,   3.07,196709,  -0.57,196808,   1.90
200503,   -1.93,   -1.41,    2.07,    0.44,    1.34,    0.21,197209,  -1.25,196710,  -2.43,196809,  -0.64
200504,   -2.60,   -3.97,    0.05,    0.97,   -0.85,    0.21,197210,   0.19,196711,   0.22,196810,  -1.46
200505,    3.65,    2.76,   -0.58,   -1.02,    0.28,    0.24,197211,   1.40,196712,  -0.05,196811,   1.74
200506,    0.58,    3.26,    2.80,    0.87,   -0.52,    0.23,197212,  -2.33,196801,   3.72,196812,   0.32
200507,    3.92,    2.76,   -0.78,   -1.19,   -0.78,    0.24,197301,  -0.09,196802,  -0.78,196901,  -0.15
200508,   -1.20,   -0.94,    1.34,   -1.96,    0.38,    0.30,197302,  -0.22,196803,   1.48,196902,  -2.55
200509,    0.48,   -0.31,    0.78,    0.26,   -0.61,    0.29,197303,   0.87,196804,  -0.73,196903,   4.06
200510,   -2.04,   -1.50,    0.43,   -0.70,   -1.26,    0.27,197304,   2.48,196805,  -2.02,196904,   1.24
200511,    3.61,    0.90,   -1.19,   -0.79,   -1.09,    0.31,197305,  -2.52,196806,   3.65,196905,   1.81
200512,   -0.24,   -0.25,    0.15,    0.18,    0.20,    0.32,197306,  -0.35,196807,  -1.37,196906,  -2.31
200601,    3.03,    5.83,    0.99,   -0.66,   -0.35,    0.35,197307,   0.59,196808,   0.63,196907,   1.82
200602,   -0.30,   -0.46,   -0.31,   -0.54,    1.98,    0.34,197308,   0.32,196809,  -0.17,196908,   2.14
200603,    1.47,    3.34,    0.61,    0.03,   -0.44,    0.37,197309,   5.71,196810,   1.34,196909,   2.43
200604,    0.73,   -0.79,    2.26,    1.74,   -0.13,    0.36,197310,   2.23,196811,   3.31,196910,  -4.36
200605,   -3.56,   -2.90,    2.38,    0.87,    1.53,    0.43,197311,  -2.23,196812,   2.36,196911,   3.67
200606,   -0.34,   -0.24,    0.85,    1.32,   -0.13,    0.40,197312,   2.56,196901,   2.41,196912,   5.27
200607,   -0.77,   -3.60,    2.62,    1.63,    0.84,    0.40,197401,   7.66,196902,   2.29,197001,   0.56
200608,    2.03,    0.45,   -1.95,   -1.81,    2.14,    0.42,197402,   4.36,196903,   0.17,197002,   0.27
200609,    1.84,   -1.39,    0.06,    0.78,    0.46,    0.41,197403,  -0.27,196904,  -1.05,197003,  -0.36
200610,    3.22,    1.98,   -0.33,   -0.11,    0.32,    0.41,197404,   1.22,196905,   1.37,197004,  -0.83
200611,    1.70,    0.63,    0.04,    0.20,   -0.80,    0.42,197405,  -2.90,196906,   0.20,197005,  -2.66
200612,    0.85,   -0.81,    2.74,   -0.65,    1.88,    0.40,197406,  -1.92,196907,  -1.64,197006,   5.64
200701,    1.38,    0.02,   -0.68,    0.19,    0.40,    0.44,197407,   3.21,196908,   3.16,197007,  -3.12
200702,   -1.96,    1.33,   -0.08,   -0.52,   -0.66,    0.38,197408,   2.03,196909,   0.55,197008,  -6.68
200703,    0.71,    0.14,   -0.88,    0.55,   -0.67,    0.43,197409,   0.84,196910,  -0.33,197009,  -8.64
200704,    3.49,   -2.08,   -1.44,    1.18,    1.01,    0.44,197410,  -5.23,196911,   0.98,197010,   9.45
200705,    3.24,    0.33,   -0.59,    1.47,   -1.26,    0.41,197411,   0.04,196912,  -2.85,197011,   2.59
200706,   -1.96,    0.70,   -1.05,    0.49,    0.06,    0.40,197412,  -3.99,197001,  -0.27,197012,  -2.30
200707,   -3.72,   -3.05,   -3.68,    0.26,   -1.16,    0.40,197501,  14.67,197002,   2.85,197101,  -6.86
200708,    0.94,   -0.33,   -1.87,   -1.27,   -0.57,    0.42,197502,   0.14,197003,   0.66,197102,   0.82
200709,    3.22,   -2.44,   -2.17,   -0.49,   -2.94,    0.32,197503,   4.97,197004,  -4.53,197103,  -1.40
200710,    1.79,   -0.03,   -2.87,   -0.33,    0.06,    0.32,197504,  -1.91,197005,  -3.23,197104,   1.36
200711,   -4.80,   -2.91,   -1.09,    1.75,   -0.36,    0.34,197505,   1.99,197006,  -0.09,197105,   0.93
200712,   -0.87,    0.18,   -0.51,    0.90,   -1.07,    0.27,197506,   2.47,197007,   3.99,197106,   2.69
200801,   -6.32,   -0.63,    4.00,    2.12,    2.06,    0.21,197507,   0.91,197008,   1.45,197107,  -2.32
200802,   -3.09,   -0.64,   -0.72,    1.07,   -0.97,    0.13,197508,  -2.39,197009,   0.55,197108,   3.44
200803,   -0.94,    0.59,    0.31,    0.89,    0.47,    0.17,197509,  -1.45,197010,   6.74,197109,   2.10
200804,    4.61,   -1.16,   -0.96,    1.81,   -2.56,    0.18,197510,   0.81,197011,  -0.47,197110,   0.50
200805,    1.87,    3.04,   -1.50,    0.92,    0.14,    0.18,197511,   2.20,197012,   2.49,197111,   1.51
200806,   -8.43,    1.16,   -2.51,    4.98,   -0.69,    0.17,197512,  -0.36,197101,   1.95,197112,  -0.62
200807,   -0.75,    3.71,    5.20,   -1.36,    0.99,    0.15,197601,   9.20,197102,   1.66,197201,   0.07
200808,    1.53,    3.28,    1.52,    1.83,    0.66,    0.13,197602,   4.97,197103,   0.10,197202,   2.53
200809,   -9.35,    0.38,    5.66,    2.40,    1.70,    0.15,197603,   0.28,197104,   0.78,197203,   2.94
200810,  -17.20,   -3.06,   -1.89,    2.73,    1.38,    0.08,197604,  -1.79,197105,   0.50,197204,   2.79
200811,   -7.74,   -4.00,   -6.21,    4.67,    2.39,    0.03,197605,  -3.40,197106,  -0.96,197205,   3.33
200812,    1.77,    3.33,    0.05,    0.03,   -1.52,    0.00,197606,   1.82,197107,   1.35,197206,   1.90
200901,   -8.09,   -2.09,  -11.02,    0.00,   -1.16,    0.00,197607,   0.30,197108,   5.63,197207,   2.68
200902,  -10.14,   -1.17,   -6.60,    1.01,   -0.62,    0.01,197608,   0.35,197109,   0.31,197208,  -5.36
200903,    9.01,    0.59,    3.48,   -2.58,   -2.00,    0.02,197609,  -0.38,197110,  -1.25,197209,   1.83
200904,   10.17,    7.14,    5.38,    1.34,    0.50,    0.01,197610,  -1.70,197111,  -0.81,197210,   0.70
200905,    5.20,   -2.24,    0.41,   -0.81,   -1.99,    0.00,197611,   1.29,197112,   3.69,197211,  -5.08
200906,    0.42,    2.27,   -2.76,   -1.41,   -0.37,    0.01,197612,   2.79,197201,  -0.60,197212,   4.95
200907,    7.74,    2.31,    4.89,   -0.26,    3.08,    0.01,197701,   0.86,197202,  -0.15,197301,   3.80
200908,    3.33,   -0.10,    7.60,   -2.85,    3.30,    0.01,197702,  -1.49,197203,   1.45,197302,   2.22
200909,    4.08,    2.72,    1.15,    1.15,    0.34,    0.01,197703,  -0.75,197204,   0.15,197303,   3.55
200910,   -2.55,   -4.85,   -4.17,    4.22,   -1.48,    0.00,197704,   0.21,197205,  -0.88,197304,   6.35
200911,    5.58,   -2.76,   -0.33,    0.90,    0.00,    0.00,197705,   0.26,197206,  -1.73,197305,   7.19
200912,    2.74,    6.14,   -0.11,    0.71,   -0.09,    0.01,197706,   3.21,197207,  -2.35,197306,   4.33
201001,   -3.35,    0.40,    0.33,   -1.08,    0.51,    0.00,197707,   1.37,197208,   0.77,197307, -11.67
201002,    3.39,    1.49,    3.18,   -0.29,    1.42,    0.00,197708,   3.41,197209,   1.48,197308,   3.59
201003,    6.30,    1.83,    2.19,   -0.61,    1.74,    0.01,197709,   0.42,197210,  -0.91,197309,  -6.98
201004,    2.00,    4.96,    2.96,    0.61,    1.75,    0.01,197710,  -1.28,197211,   3.28,197310,   6.78
201005,   -7.90,    0.08,   -2.48,    1.30,   -0.24,    0.01,197711,   3.19,197212,   3.86,197311,   8.93
201006,   -5.57,   -2.42,   -4.73,   -0.10,   -1.58,    0.01,197712,  -1.79,197301,  -1.43,197312,  10.16
201007,    6.92,    0.04,   -0.50,    0.17,    2.02,    0.01,197801,   1.45,197302,  -2.18,197401,  -8.92
201008,   -4.77,   -3.06,   -1.73,    0.60,   -1.60,    0.01,197802,  -0.68,197303,   0.42,197402,   0.37
201009,    9.55,    3.65,   -3.02,   -0.19,    0.38,    0.01,197803,   0.71,197304,  -0.66,197403,  -1.00
201010,    3.87,    0.73,   -2.46,    1.28,   -0.38,    0.01,197804,   1.88,197305,  -1.09,197404,   2.06
201011,    0.59,    3.54,   -0.90,    0.32,    1.79,    0.01,197805,  -0.06,197306,   0.04,197405,  -0.29
201012,    6.82,    0.97,    3.56,   -3.42,    3.17,    0.01,197806,   0.05,197307,   9.53,197406,   2.32
201101,    1.98,   -2.31,    0.61,   -0.64,    0.81,    0.01,197807,   0.66,197308,   1.66,197407,   3.00
201102,    3.48,    1.65,    1.18,   -1.83,    0.84,    0.01,197808,  -0.66,197309,   1.66,197408,   3.03
201103,    0.46,    2.56,   -1.84,    1.73,   -0.07,    0.01,197809,  -0.63,197310,   1.91,197409,   4.24
201104,    2.90,   -0.53,   -2.44,    1.12,   -0.86,    0.00,197810,  -0.27,197311,  -4.73,197410,  -0.53
201105,   -1.27,   -0.72,   -1.85,    1.92,   -1.43,    0.00,197811,  -0.87,197312,   0.53,197411,   2.20
201106,   -1.74,    0.06,   -0.20,    2.27,   -1.42,    0.00,197812,   0.16,197401,   9.26,197412,   2.98
201107,   -2.35,   -1.11,   -0.91,    2.68,   -1.73,    0.00,197901,  -0.55,197402,   0.78,197501, -13.80
201108,   -5.96,   -3.09,   -2.43,    3.41,   -0.26,    0.01,197902,   0.87,197403,   4.17,197502,  -0.58
201109,   -7.57,   -3.49,   -1.53,    1.99,    0.15,    0.00,197903,  -0.29,197404,  -1.33,197503,  -2.07
201110,   11.34,    3.25,    0.06,   -2.25,   -0.73,    0.00,197904,  -0.44,197405,  -2.62,197504,   1.51
201111,   -0.27,   -0.30,   -0.52,    1.94,    1.44,    0.00,197905,   0.71,197406,  -0.97,197505,  -0.58
201112,    0.75,   -0.29,    1.54,    1.06,    2.47,    0.00,197906,  -2.60,197407,   0.88,197506,  -0.04
201201,    5.05,    2.02,   -0.93,   -2.06,   -1.48,    0.00,197907,  -1.99,197408,   2.01,197507,   0.34
201202,    4.40,   -1.67,    0.42,   -0.36,   -0.08,    0.00,197908,  -1.64,197409,   3.21,197508,  -0.16
201203,    3.11,   -0.48,    1.19,   -0.61,    0.70,    0.00,197909,   0.16,197410,   8.76,197509,   0.40
201204,   -0.84,   -0.50,   -0.77,    1.30,    0.66,    0.00,197910,   1.50,197411,  -0.33,197510,  -0.22
201205,   -6.17,   -0.08,   -0.95,    2.03,    2.36,    0.01,197911,  -2.10,197412,  -0.56,197511,  -0.50
201206,    3.90,    0.89,    0.55,   -1.06,    0.45,    0.00,197912,  -0.41,197501,  14.65,197512,  -0.10
201207,    0.79,   -2.81,   -0.06,    1.04,    0.01,    0.00,198001,  -0.57,197502,   4.52,197601,   4.37
201208,    2.54,    0.44,    1.23,   -1.50,   -0.86,    0.01,198002,  -0.04,197503,   3.51,197602,   0.38
201209,    2.73,    0.57,    1.62,   -1.30,    1.56,    0.01,198003,   2.67,197504,  -0.46,197603,   0.22
201210,   -1.76,   -0.83,    3.52,   -1.40,    2.52,    0.01,198004,   0.01,197505,   3.80,197604,   0.53
201211,    0.78,    0.40,   -0.86,    0.38,    0.81,    0.01,198005,   0.86,197506,   3.25,197605,  -1.07
201212,    1.18,    1.92,    3.48,   -1.72,    0.80,    0.01,198006,  -2.77,197507,   1.25,197606,  -0.44
201301,    5.57,    0.42,    1.01,   -2.01,    1.52,    0.00,198007,  -1.56,197508,   0.63,197607,  -0.15
201302,    1.29,   -0.25,    0.21,   -0.59,    0.61,    0.00,198008,  -1.47,197509,  -0.38,197608,  -0.78
201303,    4.03,    0.88,   -0.22,    0.27,    1.41,    0.00,198009,  -1.81,197510,   1.56,197609,   0.20
201304,    1.56,   -2.24,    0.44,    0.39,    0.43,    0.00,198010,  -2.53,197511,  -2.54,197610,  -0.43
201305,    2.81,    2.04,    2.67,   -2.00,   -0.95,    0.00,198011,  -7.82,197512,   3.49,197611,   2.82
201306,   -1.20,    1.54,   -0.05,   -0.28,   -0.06,    0.00,198012,   3.48,197601,   2.92,197612,   0.73
201307,    5.65,    1.75,    0.58,   -1.35,    0.57,    0.00,198101,   7.64,197602,  -2.44,197701,   4.05
201308,   -2.71,   -0.03,   -2.73,    0.71,   -2.17,    0.00,198102,   2.51,197603,   4.44,197702,   0.34
201309,    3.77,    2.65,   -1.18,   -0.54,   -1.32,    0.00,198103,   1.44,197604,   2.12,197703,   0.68
201310,    4.17,   -1.50,    1.22,    2.75,    0.89,    0.00,198104,   2.79,197605,  -0.88,197704,   4.19
201311,    3.12,    1.44,    0.19,    0.26,    0.06,    0.00,198105,   1.64,197606,   0.64,197705,   2.01
201312,    2.80,   -0.44,    0.00,   -0.58,    0.08,    0.00,198106,   1.08,197607,   1.69,197706,   1.60
201401,   -3.30,    0.60,   -1.99,   -3.91,   -1.54,    0.00,198107,  -3.52,197608,  -2.00,197707,   0.38
201402,    4.68,    0.13,   -0.35,   -0.25,   -0.54,    0.00,198108,   1.22,197609,  -0.28,197708,  -1.63
201403,    0.41,   -1.13,    4.90,    2.02,    1.92,    0.00,198109,   5.19,197610,   1.16,197709,   2.10
201404,   -0.19,   -4.07,    1.22,    3.40,    0.93,    0.00,198110,  -4.89,197611,   0.59,197710,  -0.12
201405,    2.04,   -1.86,   -0.10,   -0.09,   -0.96,    0.00,198111,   0.72,197612,   3.62,197711,   2.14
201406,    2.61,    3.06,   -0.71,   -1.83,   -1.91,    0.00,198112,   1.30,197701,   0.55,197712,   1.59
201407,   -2.03,   -4.20,   -0.08,    0.93,    0.51,    0.00,198201,   6.34,197702,   1.34,197801,  -0.58
201408,    4.24,    0.29,   -0.57,   -0.64,   -0.69,    0.00,198202,   5.96,197703,   1.09,197802,   1.96
201409,   -1.96,   -3.66,   -1.47,    1.20,   -0.59,    0.00,198203,   3.91,197704,  -1.13,197803,   1.45
201410,    2.51,    3.66,   -1.63,   -0.39,    0.21,    0.00,198204,  -1.73,197705,  -0.33,197804,   0.49
201411,    2.56,   -2.30,   -3.13,    1.57,    0.14,    0.00,198205,   1.55,197706,   0.14,197805,   2.77
201412,   -0.05,    2.83,    2.12,   -1.21,    0.90,    0.00,198206,   1.91,197707,   1.03,197806,   2.78
201501,   -3.09,   -0.93,   -3.45,    1.58,   -1.64,    0.00,198207,   2.21,197708,  -0.73,197807,   4.19
201502,    6.14,    0.36,   -1.79,   -1.10,   -1.75,    0.00,198208,  -0.88,197709,   0.73,197808,   3.00
201503,   -1.09,    3.08,   -0.38,    0.07,   -0.62,    0.00,198209,  -0.68,197710,   1.60,197809,  -3.20
201504,    0.60,   -3.01,    1.80,    0.05,   -0.62,    0.00,198210,  -0.60,197711,   2.20,197810,  -8.42
201505,    1.38,    0.82,   -1.11,   -1.76,   -0.83,    0.00,198211,   1.10,197712,  -0.11,197811,   5.45
201506,   -1.54,    2.90,   -0.82,    0.35,   -1.54,    0.00,198212,   1.00,197801,   1.03,197812,   3.01
201507,    1.57,   -4.58,   -4.16,    0.31,   -2.44,    0.00,198301,   0.09,197802,   1.16,197901,  -1.43
201508,   -6.02,    0.29,    2.75,    0.66,    1.29,    0.00,198302,  -0.38,197803,  -0.27,197902,  -0.99
201509,   -3.06,   -2.80,    0.55,    1.80,   -0.59,    0.00,198303,   1.01,197804,   0.15,197903,   2.91
201510,    7.75,   -2.06,   -0.47,    0.95,    0.61,    0.00,198304,   3.03,197805,   0.03,197904,   0.87
201511,    0.57,    3.30,   -0.43,   -2.65,   -1.06,    0.00,198305,  -2.01,197806,   1.32,197905,  -0.55
201512,   -2.15,   -2.95,   -2.57,    0.34,    0.12,    0.01,198306,  -0.84,197807,   0.87,197906,   0.77
201601,   -5.74,   -3.44,    2.08,    2.78,    3.05,    0.01,198307,   1.45,197808,   0.80,197907,  -1.07
201602,   -0.07,    0.87,   -0.61,    3.31,    1.94,    0.02,198308,   0.07,197809,   3.73,197908,  -0.29
201603,    6.95,    1.00,    1.22,    0.68,    0.01,    0.02,198309,   0.78,197810,  -1.88,197909,   5.28
201604,    0.91,    1.23,    3.22,   -2.85,    1.77,    0.01,198310,   1.09,197811,   9.02,197910,   2.04
201605,    1.78,   -0.62,   -1.62,   -1.10,   -2.54,    0.01,198311,  -1.31,197812,  -0.42,197911,   8.03
201606,   -0.03,    0.42,   -1.49,    1.45,    1.90,    0.02,198312,   1.31,197901,   5.64,197912,   4.72
201607,    3.94,    2.47,   -1.24,    1.31,   -1.16,    0.02,198401,   4.13,197902,   1.27,198001,   7.45
201608,    0.49,    1.66,    3.17,   -1.85,   -0.36,    0.02,198402,   0.25,197903,   1.54,198002,   7.89
201609,    0.27,    1.81,   -1.19,   -2.18,    0.03,    0.02,198403,   0.87,197904,  -0.42,198003,  -9.58
201610,   -2.01,   -4.02,    4.11,    0.99,    0.25,    0.02,198404,  -1.66,197905,   1.09,198004,  -0.48
201611,    4.85,    6.96,    8.29,   -0.24,    3.71,    0.01,198405,  -0.21,197906,   1.27,198005,  -1.18
201612,    1.81,    0.44,    3.47,    1.24,   -0.32,    0.03,198406,  -3.58,197907,   0.64,198006,   1.58
201701,    1.94,   -1.44,   -2.76,   -0.51,   -1.06,    0.04,198407,  -1.54,197908,   0.83,198007,   0.29
201702,    3.55,   -2.30,   -1.50,    0.45,   -1.80,    0.04,198408,  -1.80,197909,  -1.64,198008,   3.06
201703,    0.17,    0.75,   -3.33,    0.63,   -0.95,    0.03,198409,   1.75,197910,  -1.96,198009,   5.43
201704,    1.08,    0.41,   -2.05,    1.79,   -1.60,    0.05,198410,  -1.51,197911,   1.39,198010,   7.13
201705,    1.07,   -2.99,   -3.82,    0.99,   -1.66,    0.06,198411,   0.89,197912,  -1.96,198011,  15.15
201706,    0.78,    2.52,    1.50,   -2.26,    0.04,    0.06,198412,  -2.98,198001,  -3.41,198012,  -6.71
201707,    1.88,   -1.64,   -0.23,   -0.75,   -0.15,    0.07,198501,  -1.76,198002,  -4.94,198101,  -7.82
201708,    0.18,   -1.83,   -2.13,    0.20,   -2.38,    0.09,198502,  -0.14,198003,   8.51,198102,  -1.35
201709,    2.49,    4.76,    3.15,   -1.54,    1.63,    0.09,198503,  -1.05,198004,   1.39,198103,   0.82
201710,    2.25,   -1.91,    0.13,    0.92,   -3.14,    0.09,198504,  -0.05,198005,   2.88,198104,  -1.08
201711,    3.12,   -0.38,   -0.09,    3.19,   -0.10,    0.08,198505,  -3.82,198006,   2.24,198105,   3.56
201712,    1.06,   -1.05,    0.05,    0.73,    1.79,    0.09,198506,  -2.29,198007,   2.95,198106,  -5.67
201801,    5.58,   -3.21,   -1.32,   -0.75,   -1.05,    0.11,198507,   1.53,198008,  -0.81,198107,  -2.44
201802,   -3.64,    0.34,   -1.10,    0.53,   -2.36,    0.11,198508,   0.05,198009,  -1.47,198108,  -1.10
201803,   -2.35,    3.61,   -0.21,   -0.41,    0.08,    0.12,198509,  -0.77,198010,  -2.06,198109,   2.13
201804,    0.29,    0.89,    0.53,   -2.42,    1.24,    0.14,198510,  -2.52,198011,  -9.74,198110,   3.83
201805,    2.63,    4.71,   -3.14,   -1.98,   -1.49,    0.14,198511,  -2.25,198012,   6.42,198111,  -0.21
201806,    0.49,    0.77,   -2.33,    0.83,    0.20,    0.14,198512,  -3.05,198101,  -2.26,198112,   1.28
201807,    3.20,   -1.93,    0.49,    1.53,    0.31,    0.16,198601,  -2.76,198102,  -2.37,198201,   1.77
201808,    3.46,    0.65,   -3.91,   -0.29,   -2.57,    0.16,198602,  -3.57,198103,   1.63,198202,   4.87
201809,    0.06,   -2.49,   -1.62,    0.65,    1.36,    0.15,198603,  -2.53,198104,  -1.44,198203,   2.90
201810,   -7.64,   -4.38,    3.38,    1.03,    3.60,    0.19,198604,  -1.19,198105,  -3.82,198204,  -0.46
201811,    1.71,   -0.81,    0.36,   -0.61,    0.40,    0.18,198605,  -1.48,198106,   4.75,198205,   2.51
201812,   -9.55,   -2.81,   -1.92,   -0.03,    0.24,    0.19,198606,  -6.39,198107,  -0.57,198206,   4.89
201901,    8.36,    2.91,   -0.39,   -0.73,   -1.65,    0.21,198607,  -3.83,198108,  -0.62,198207,   4.40
201902,    3.42,    1.72,   -2.66,    0.16,   -1.54,    0.18,198608,   4.66,198109,  -1.27,198208,  -3.60
201903,    1.10,   -3.52,   -4.14,    0.88,   -0.90,    0.19,198609,   3.90,198110,   4.46,198209,   4.14
201904,    3.97,   -1.15,    2.13,    1.61,   -2.18,    0.21,198610,   0.83,198111,   2.77,198210,   0.01
201905,   -6.92,   -1.56,   -2.45,   -0.48,    1.76,    0.21,198611,   0.19,198112,   1.64,198211,   5.92
201906,    6.99,    0.19,   -0.64,    0.45,   -0.55,    0.18,198612,   0.54,198201,  -1.37,198212,  -0.02
201907,    1.22,   -1.82,    0.50,   -0.13,    0.37,    0.19,198701,   3.29,198202,  -4.35,198301,  -1.63
201908,   -2.55,   -3.25,   -4.77,    0.53,   -0.62,    0.16,198702,  -0.07,198203,  -1.84,198302,   3.69
201909,    1.42,    0.29,    6.76,    1.82,    3.38,    0.18,198703,   3.91,198204,   1.64,198303,   0.88
201910,    2.07,    0.25,   -1.92,    0.43,   -1.03,    0.15,198704,   3.63,198205,   2.11,198304,   1.63
201911,    3.87,    0.39,   -2.00,   -1.64,   -1.14,    0.12,198705,   2.11,198206,   0.17,198305,  -1.55
201912,    2.76,    0.99,    1.73,    0.05,    1.19,    0.14,198706,  -1.57,198207,  -2.87,198306,   1.83
202001,   -0.09,   -4.37,   -6.22,   -1.19,   -2.19,    0.13,198707,   2.25,198208,   1.30,198307,  -3.08
202002,   -8.15,    0.08,   -3.82,   -1.43,   -2.53,    0.12,198708,  -2.87,198209,   4.35,198308,  -5.38
202003,  -13.35,   -8.18,  -13.83,   -1.61,    1.19,    0.12,198709,   2.98,198210,   3.05,198309,  -0.01
202004,   13.58,    2.57,   -1.34,    2.76,   -1.02,    0.00,198710,  -5.68,198211,  -4.51,198310,  -4.46
202005,    5.59,    1.92,   -5.00,    0.96,   -3.16,    0.01,198711,  -0.40,198212,   3.85,198311,  -0.14
202006,    2.44,    1.95,   -2.17,    0.14,    0.55,    0.01,198712,   2.65,198301,   3.18,198312,   0.81
202007,    5.83,   -3.19,   -1.44,    0.38,    0.97,    0.01,198801,  -1.63,198302,   2.65,198401,  -2.57
202008,    7.62,   -0.89,   -3.02,    4.27,   -1.51,    0.01,198802,   1.36,198303,   0.34,198402,   0.45
202009,   -3.64,   -0.01,   -2.72,   -1.38,   -1.93,    0.01,198803,   1.18,198304,  -0.58,198403,   1.09
202010,   -2.08,    4.67,    4.25,   -0.77,   -0.57,    0.01,198804,   0.42,198305,   2.70,198404,   2.14
202011,   12.44,    7.12,    2.09,   -2.25,    1.28,    0.01,198805,  -0.05,198306,   0.23,198405,   1.54
202012,    4.63,    4.93,   -1.68,   -1.97,   -0.06,    0.01,198806,   1.71,198307,   1.98,198406,  -0.53
202101,   -0.07,    6.81,    3.22,   -3.65,    4.97,    0.00,198807,  -1.41,198308,  -0.67,198407,   2.77
202102,    2.81,    4.50,    7.20,    0.33,   -1.99,    0.00,198808,  -1.79,198309,   2.39,198408,  -5.62
202103,    3.16,   -0.84,    7.35,    6.35,    3.52,    0.00,198809,  -1.99,198310,  -1.64,198409,   3.66
202104,    4.97,   -3.16,   -1.02,    2.43,   -2.72,    0.00,198810,  -0.19,198311,   4.93,198410,   3.28
202105,    0.29,    1.27,    7.04,    2.34,    3.01,    0.00,198811,  -0.79,198312,   1.98,198411,   1.56
202106,    2.73,   -0.30,   -7.86,   -2.14,   -0.93,    0.00,198812,   0.74,198401,   0.70,198412,   1.38
202107,    1.34,   -4.55,   -1.79,    5.50,   -0.59,    0.00,198901,   2.89,198402,  -2.11,198501,  -6.82
202108,    2.95,   -0.66,   -0.23,   -0.26,   -1.72,    0.00,198902,   0.89,198403,   2.51,198502,   1.91
202109,   -4.40,    1.12,    5.12,   -1.92,    2.00,    0.00,198903,   0.48,198404,   1.59,198503,   1.78
202110,    6.63,   -2.70,   -0.53,    1.71,   -1.54,    0.00,198904,  -1.08,198405,   0.89,198504,   2.95
202111,   -1.58,   -1.70,   -0.37,    7.19,    1.70,    0.00,198905,  -1.75,198406,   1.11,198505,   4.05
202112,    3.24,   -0.78,    3.25,    4.88,    4.29,    0.01,198906,  -0.73,198407,  -1.46,198506,   3.37
202201,   -6.15,   -4.01,   12.86,    0.77,    7.73,    0.00,198907,  -1.81,198408,   7.27,198507,  -3.69
202202,   -2.28,    2.86,    3.06,   -2.03,    3.03,    0.00,198908,  -0.28,198409,   4.28,198508,   1.77
202203,    3.08,   -2.11,   -1.90,   -1.50,    3.21,    0.00,198909,  -2.65,198410,  -1.16,198509,   1.60
202204,   -9.41,   -0.35,    6.18,    3.41,    5.92,    0.00,198910,  -3.56,198411,  -0.59,198510,   4.87
202205,   -0.33,   -0.03,    8.44,    1.55,    3.95,    0.03,198911,  -1.21,198412,   0.77,198511,  -0.55
202206,   -8.40,    1.33,   -6.00,    1.76,   -4.58,    0.06,198912,  -0.81,198501,   2.17,198512,  -0.23
202207,    9.57,    1.78,   -4.15,    0.77,   -6.85,    0.08,199001,   3.40,198502,   2.48,198601,   2.95
202208,   -3.77,    1.48,    0.18,   -4.74,    1.32,    0.19,199002,   1.92,198503,  -1.33,198602,   2.56
202209,   -9.34,   -0.98,    0.03,   -1.33,   -0.77,    0.19,199003,  -0.28,198504,  -2.40,198603,   2.38
202210,    7.86,    1.81,    7.97,    3.27,    6.43,    0.23,199004,  -1.27,198505,  -0.61,198604,  -0.35
202211,    4.69,   -2.75,    1.48,    6.29,    3.15,    0.29,199005,   0.78,198506,  -0.80,198605,   2.06
202212,   -6.38,   -0.20,    1.34,    0.34,    4.28,    0.33,199006,  -1.52,198507,   3.63,198606,   4.94
202301,    6.60,    4.40,   -3.94,   -2.44,   -4.43,    0.35,199007,  -1.83,198508,   1.82,198607,   1.89
202302,   -2.57,    0.57,   -0.80,    0.99,   -1.51,    0.34,199008,   1.64,198509,  -1.82,198608,  -5.17
202303,    2.49,   -6.89,   -9.05,    2.27,   -2.10,    0.36,199009,   0.62,198510,   0.70,198609,  -5.68
202304,    0.63,   -2.57,   -0.12,    2.41,    2.85,    0.35,199010,  -3.53,198511,   2.43,198610,   4.48
202305,    0.33,   -0.43,   -7.79,   -1.78,   -7.08,    0.36,199011,  -0.79,198512,  -0.35,198611,  -0.27
202306,    6.46,    1.28,   -0.13,    2.31,   -1.54,    0.40,199012,  -2.18,198601,   0.76,198612,   0.45
202307,    3.21,    2.94,    4.02,   -0.58,    0.70,    0.45,199101,   6.08,198602,  -1.73,198701,   2.03
202308,   -2.36,   -3.56,   -1.29,    3.26,   -2.30,    0.45,199102,   1.10,198603,  -0.13,198702,  -2.22
202309,   -5.23,   -1.74,    1.47,    1.87,   -0.75,    0.43,199103,  -0.37,198604,   2.78,198703,   1.66
202310,   -3.15,   -4.02,    0.21,    2.43,   -0.72,    0.47,199104,  -1.29,198605,   1.04,198704,   0.20
202311,    8.88,   -0.23,    1.78,   -3.66,   -1.15,    0.44,199105,   1.40,198606,  -2.48,198705,  -0.77
202312,    4.85,    7.24,    4.94,   -2.93,    1.21,    0.43,199106,  -1.83,198607,  -2.93,198706,  -0.22
202401,    0.73,   -5.70,   -2.36,    0.68,   -0.94,    0.47,199107,   0.74,198608,   1.23,198707,   2.57
202402,    5.07,   -0.81,   -3.47,   -2.04,   -2.24,    0.42,199108,  -0.50,198609,  -0.29,198708,  -0.95
202403,    2.84,   -1.19,    4.14,    1.31,    1.18,    0.43,199109,  -0.93,198610,   3.64,198709,   0.80
202404,   -4.65,   -2.59,   -0.50,    1.10,   -0.34,    0.47,199110,   2.24,198611,   0.70,198710,  -7.75
202405,    4.32,    0.59,   -1.35,    3.20,   -2.97,    0.44,199111,  -2.70,198612,   0.44,198711,  -1.21
202406,    2.80,   -4.33,   -3.31,    0.58,   -1.80,    0.41,199112,  -0.98,198701,   0.50,198712,   5.88
202407,    1.22,    8.33,    5.60,    0.26,    0.27,    0.45,199201,   9.40,198702,  -1.16,198801,  -7.35
202408,    1.61,   -3.57,   -1.10,    0.75,    0.79,    0.48,199202,   5.29,198703,   1.85,198802,  -1.45
202409,    1.73,   -0.90,   -2.77,    0.19,   -0.25,    0.40,199203,   1.43,198704,  -1.89,198803,   0.61
202410,   -1.00,   -0.86,    0.89,   -1.49,    1.02,    0.39,199204,   0.70,198705,  -0.22,198804,   2.20
202411,    6.49,    4.65,    0.29,   -2.27,   -1.93,    0.40,199205,  -0.43,198706,   0.13,198805,   0.66
202412,   -3.16,   -3.82,   -2.98,    1.88,   -1.20,    0.37,199206,   1.29,198707,  -0.23,198806,  -3.02
202501,    2.80,   -1.22,    1.66,   -2.35,   -3.22,    0.37,199207,  -1.30,198708,   2.57,198807,   0.66
202502,   -2.43,   -4.88,    4.88,    1.07,    3.09,    0.33,199208,  -4.19,198709,  -0.44,198808,   0.36
202503,   -6.39,   -1.48,    2.94,    2.09,   -0.46,    0.34,199209,   0.09,198710,  -0.28,198809,   0.29
202504,   -0.84,   -1.82,   -3.36,   -2.83,   -2.59,    0.35,199210,  -1.00,198711,  -0.74,198810,   1.30
202505,    6.06,   -0.75,   -2.96,    1.29,    2.48,    0.38,199211,   0.24,198712,   5.86,198811,   0.18
202506,    4.86,   -0.05,   -1.66,   -3.19,    1.38,    0.34,199212,   0.91,198801,   7.81,198812,   0.31
202507,    1.98,   -0.14,   -1.32,   -0.28,   -2.01,    0.34,199301,   5.57,198802,   4.36,198901,  -0.25
202508,    1.84,    4.82,    4.46,   -0.72,    1.96,    0.38,199302,   4.21,198803,  -0.99,198902,   0.99
202509,    3.39,   -2.24,   -0.94,   -2.21,   -2.29,    0.33,199303,   1.90,198804,   0.31,198903,   3.51
202510,    1.96,   -1.61,   -2.80,   -5.77,   -4.05,    0.37,199304,   2.35,198805,   0.63,198904,   1.71
202511,   -0.13,    1.63,    3.57,    1.71,    0.62,    0.30,199305,   1.26,198806,   1.90,198905,   1.42
202512,   -0.36,   -0.17,    2.36,    0.44,    0.40,    0.34,199306,   1.68,198807,   3.38,198906,   0.40
202601,    1.03,    3.21,    3.85,    1.75,    1.81,    0.30,199307,   1.11,198808,  -1.96,198907,   5.32
202602,   -1.18,    0.75,    2.64,    1.87,    5.07,    0.28,199308,   1.03,198809,  -0.15,198908,  -0.49
202603,   -5.18,    0.64,    3.35,   -2.22,   -0.09,    0.29,199309,   0.65,198810,  -0.94,198909,   3.51
 Annual Factors: January-December ,,,,,,,199310,   1.92,198811,  -0.67,198910,   1.35
,Mkt-RF,SMB,HML,RMW,CMA,RF,199311,   1.43,198812,   2.31,198911,   2.70
  1964,   12.59,    0.40,    9.82,   -2.59,    6.64,    3.54,199312,   0.47,198901,   1.10,198912,   2.79
  1965,   10.52,   24.71,    7.42,   -0.86,   -3.85,    3.93,199401,   3.75,198902,   1.08,199001,  -2.98
  1966,  -13.55,    2.33,   -0.83,   -0.40,   -0.78,    4.76,199402,  -0.21,198903,  -0.88,199002,  -0.51
  1967,   24.51,   50.18,   -8.06,    9.06,  -15.84,    4.21,199403,   0.50,198904,  -0.61,199003,   1.72
  1968,    8.91,   26.25,   18.23,  -13.90,   16.87,    5.21,199404,   0.39,198905,  -2.70,199004,   2.28
  1969,  -17.53,  -14.21,  -10.04,   11.69,   -4.78,    6.58,199405,   1.62,198906,   2.38,199005,   3.14
  1970,   -6.45,  -12.37,   21.45,   -3.31,   23.89,    6.52,199406,   0.46,198907,   1.46,199006,   2.49
  1971,   11.78,    5.62,  -10.93,   10.37,   -6.15,    4.39,199407,   0.46,198908,   2.13,199007,   6.04
  1972,   13.03,  -11.78,    1.46,    8.22,   -3.19,    3.84,199408,   2.28,198909,   1.08,199008,   1.97
  1973,  -26.25,  -20.12,   17.50,   -8.92,    6.83,    6.93,199409,   1.68,198910,  -4.33,199009,   5.71
  1974,  -35.81,    0.65,    9.65,   -4.39,   22.85,    8.00,199410,   0.62,198911,  -1.71,199010,   6.74
  1975,   32.55,   18.75,    9.36,    0.92,    0.53,    5.80,199411,  -1.67,198912,  -2.44,199011,  -5.36
  1976,   21.90,   19.86,   24.26,   -6.35,    7.54,    5.08,199412,   0.24,199001,   1.03,199012,   0.25
  1977,   -8.22,   24.67,    7.52,    2.21,   -0.20,    5.12,199501,  -0.41,199002,   0.49,199101,  -6.47
  1978,    1.05,   13.63,    0.52,    5.00,    4.18,    7.18,199502,  -0.91,199003,   0.20,199102,  -4.94
  1979,   13.09,   20.72,   -2.37,   -3.69,   -1.20,   10.38,199503,   1.14,199004,  -1.83,199103,   2.71
  1980,   21.98,    4.47,  -24.13,   12.80,  -11.22,   11.24,199504,   0.39,199005,  -0.36,199104,  -2.32
  1981,  -17.98,    6.97,   24.88,   -1.18,   10.62,   14.71,199505,  -1.11,199006,  -0.10,199105,  -0.09
  1982,   10.78,    7.05,   12.99,   -4.06,   17.55,   10.54,199506,  -1.86,199007,  -0.74,199106,   0.42
  1983,   13.73,   12.22,   20.42,    0.67,   16.47,    8.80,199507,  -0.91,199008,  -3.70,199107,   4.26
  1984,   -5.99,   -8.16,   19.00,   15.21,    3.45,    9.85,199508,  -1.10,199009,  -6.04,199108,   1.58
  1985,   24.91,   -0.84,    0.99,   11.73,   -3.17,    7.72,199509,  -0.96,199010,  -2.73,199109,   1.75
  1986,   10.27,  -10.33,    9.55,    6.68,   10.48,    6.16,199510,   0.57,199011,   5.74,199110,   3.18
  1987,   -3.85,  -11.05,   -1.26,    6.41,    6.81,    5.47,199511,   0.64,199012,  -2.93,199111,   1.18
  1988,   11.63,    6.03,   14.75,    3.07,    9.24,    6.35,199512,   3.99,199101,  -1.87,199112,   8.29
  1989,   20.45,  -13.08,   -4.40,    2.86,    7.25,    8.37,199601,   1.31,199102,   2.03,199201,  -2.50
  1990,  -13.84,  -14.02,  -10.11,    7.74,    0.91,    7.81,199602,  -1.33,199103,   0.55,199202,  -0.70
  1991,   29.26,   15.80,  -14.64,   12.28,  -15.19,    5.60,199603,  -0.31,199104,   1.73,199203,  -0.21
  1992,    6.27,    8.88,   24.34,    7.34,    7.11,    3.51,199604,  -0.60,199105,   0.14,199204,  -2.55
  1993,    8.26,    6.34,   17.05,   -7.16,   12.07,    2.90,199605,   1.45,199106,   2.10,199205,   0.06
  1994,   -4.06,   -2.30,   -0.76,    5.80,    3.86,    3.90,199606,  -0.12,199107,   2.24,199206,  -0.57
  1995,   31.25,   -8.25,    5.70,    1.85,    2.52,    5.60,199607,  -0.02,199108,  -2.84,199207,   1.47
  1996,   15.99,   -3.12,    8.70,   15.16,    0.80,    5.21,199608,  -1.50,199109,  -0.68,199208,  -0.47
  1997,   26.02,   -6.50,   18.26,    9.04,    5.38,    5.26,199609,  -2.12,199110,  -1.14,199209,   1.44
  1998,   19.45,  -27.75,  -10.77,    3.03,   -4.03,    4.86,199610,   0.10,199111,  -0.42,199210,   2.50
  1999,   20.53,    7.97,  -28.61,  -28.94,   -6.78,    4.68,199611,  -2.51,199112,   0.83,199211,  -0.25
  2000,  -17.45,    4.19,   45.28,   23.52,   30.01,    5.89,199612,  -0.58,199201,   5.20,199212,   4.33
  2001,  -15.02,   22.81,   19.04,   18.30,   13.26,    3.83,199701,  -1.66,199202,  -2.91,199301,   4.85
  2002,  -22.76,    5.67,    8.74,   21.03,   14.21,    1.65,199702,   0.93,199203,  -1.04,199302,   3.18
  2003,   30.68,   24.40,    4.76,  -20.53,   15.59,    1.02,199703,   2.11,199204,  -3.42,199303,   3.70
  2004,   10.75,    7.33,    7.64,    8.42,   -7.39,    1.20,199704,  -3.92,199205,  -0.16,199304,   0.36
  2005,    3.14,   -0.81,    9.36,    1.49,   -4.81,    2.98,199705,  -2.10,199206,   0.95,199305,   0.21
  2006,   10.58,    1.59,   11.71,    3.41,    8.52,    4.80,199706,   0.22,199207,   2.02,199306,   4.57
  2007,    1.07,   -8.42,  -16.92,    4.51,   -7.36,    4.66,199707,  -1.04,199208,  -1.52,199307,   3.22
  2008,  -38.25,    2.96,    1.24,   14.86,    3.11,    1.60,199708,   3.13,199209,  -1.03,199308,   2.54
  2009,   28.35,    7.94,   -8.22,    2.51,   -1.27,    0.10,199709,  -0.48,199210,  -0.11,199309,   3.39
  2010,   17.31,   13.33,   -5.35,   -1.28,    9.92,    0.12,199710,   0.36,199211,  -1.02,199310,  -2.67
  2011,    0.49,   -5.39,   -8.32,   13.58,   -0.92,    0.04,199711,   0.97,199212,   1.22,199311,  -4.77
  2012,   16.30,   -0.40,    9.91,   -5.62,    9.05,    0.06,199712,   0.14,199301,  -0.41,199312,   2.33
  2013,   35.18,    8.26,    2.54,   -3.64,    1.30,    0.02,199801,  -0.86,199302,  -1.44,199401,   0.11
  2014,   11.74,   -7.90,   -1.80,    1.13,   -1.62,    0.02,199802,  -1.21,199303,  -0.95,199402,  -0.34
  2015,    0.23,   -5.73,   -9.53,    0.98,   -8.64,    0.02,199803,   2.22,199304,  -1.65,199403,  -1.32
  2016,   13.34,    9.05,   22.81,    4.55,    9.51,    0.20,199804,  -0.95,199305,   1.39,199404,   0.33
  2017,   21.51,   -6.27,  -13.37,    4.56,  -11.19,    0.80,199805,   1.44,199306,   2.20,199405,  -2.05
  2018,   -6.83,   -5.06,   -9.62,   -1.20,    0.20,    1.81,199806,  -0.84,199307,  -2.63,199406,  -0.90
  2019,   28.40,   -6.60,  -10.33,    3.71,   -3.09,    2.14,199807,   0.41,199308,   1.26,199407,   0.11
  2020,   23.65,    3.74,  -46.94,   -5.21,  -11.70,    0.44,199808,   4.19,199309,   0.74,199408,   1.54
  2021,   23.87,   -1.02,   25.61,   26.72,   11.67,    0.04,199809,   0.25,199310,   1.92,199409,   1.32
  2022,  -21.28,   -1.59,   25.68,    6.61,   22.50,    1.42,199810,  -4.15,199311,  -1.37,199410,   1.31
  2023,   21.75,   -6.09,  -14.05,    6.28,  -20.60,    4.95,199811,  -0.37,199312,   1.12,199411,  -0.12
  2024,   19.78,  -13.42,   -8.64,    5.06,   -9.82,    5.26,199812,  -1.07,199401,   1.65,199412,   3.45
  2025,   13.30,   -9.41,    8.51,  -11.24,   -5.38,    4.25,199901,   1.25,199402,   0.46,199501,  -1.84
Copyright 2026 Eugene F. Fama and Kenneth R. French,,,,,,,199902,   0.40,199403,   0.07,199502,  -0.47
,,,,,,,199903,  -1.17,199404,  -0.40,199503,   0.45
,,,,,,,199904,   5.28,199405,   0.07,199504,   1.80
,,,,,,,199905,   3.44,199406,   0.10,199505,  -0.55
,,,,,,,199906,  -0.14,199407,   1.41,199506,   3.01
,,,,,,,199907,   1.94,199408,   1.40,199507,   2.60
,,,,,,,199908,  -1.69,199409,  -0.71,199508,   0.05
,,,,,,,199909,   0.34,199410,  -0.19,199509,   2.86
,,,,,,,199910,  -3.16,199411,  -2.00,199510,   4.17
,,,,,,,199911,   5.20,199412,   0.81,199511,  -0.72
,,,,,,,199912,   5.61,199501,   4.06,199512,   2.48
,,,,,,,200001,   1.62,199502,   2.34,199601,   0.57
,,,,,,,200002,   7.42,199503,  -0.03,199602,   0.57
,,,,,,,200003,  -4.75,199504,  -0.45,199603,  -1.85
,,,,,,,200004,   0.26,199505,  -0.44,199604,  -0.94
,,,,,,,200005,  -1.89,199506,   1.11,199605,   1.62
,,,,,,,200006,   2.42,199507,  -2.05,199606,   1.02
,,,,,,,200007,  -3.13,199508,   1.28,199607,  -0.15
,,,,,,,200008,   1.10,199509,  -0.85,199608,  -0.02
,,,,,,,200009,  -2.58,199510,  -1.02,199609,   2.67
,,,,,,,200010,  -1.08,199511,   0.61,199610,   3.72
,,,,,,,200011,   0.58,199512,  -0.97,199611,  -2.35
,,,,,,,200012,   3.18,199601,   1.18,199612,   0.53
,,,,,,,200101,  -2.82,199602,   2.22,199701,   1.87
,,,,,,,200102,  11.08,199603,  -0.11,199702,  -2.18
,,,,,,,200103,   3.92,199604,   0.67,199703,   0.88
,,,,,,,200104,  -3.84,199605,  -1.00,199704,   4.83
,,,,,,,200105,   3.87,199606,  -0.23,199705,  -5.19
,,,,,,,200106,   1.86,199607,  -2.44,199706,   2.59
,,,,,,,200107,   2.75,199608,   2.49,199707,   3.70
,,,,,,,200108,   5.85,199609,   0.52,199708,  -2.57
,,,,,,,200109,   0.16,199610,  -1.11,199709,   1.46
,,,,,,,200110,  -1.69,199611,   0.20,199710,  -0.53
,,,,,,,200111,   0.27,199612,   0.58,199711,   0.38
,,,,,,,200112,   1.22,199701,   2.70,199712,   3.91
,,,,,,,200201,   3.24,199702,   1.24,199801,   0.05
,,,,,,,200202,   4.02,199703,   0.87,199802,  -1.19
,,,,,,,200203,   2.14,199704,   2.41,199803,   2.13
,,,,,,,200204,   5.95,199705,   2.92,199804,   0.76
,,,,,,,200205,   2.28,199706,   0.76,199805,   1.91
,,,,,,,200206,   2.14,199707,   3.89,199806,   7.26
,,,,,,,200207,  -2.83,199708,  -0.06,199807,   3.79
,,,,,,,200208,  -0.73,199709,   1.71,199808,   1.90
,,,,,,,200209,  -0.71,199710,  -0.91,199809,  -0.65
,,,,,,,200210,  -0.14,199711,  -1.95,199810,  -5.33
,,,,,,,200211,   4.25,199712,  -2.87,199811,   1.13
,,,,,,,200212,   1.96,199801,   5.03,199812,   8.87
,,,,,,,200301,   0.31,199802,   1.87,199901,   2.84
,,,,,,,200302,  -1.73,199803,   1.83,199902,  -0.14
,,,,,,,200303,  -2.72,199804,   1.74,199903,  -1.21
,,,,,,,200304,  -0.86,199805,   0.72,199904,  -8.98
,,,,,,,200305,   3.47,199806,  -1.38,199905,  -5.25
,,,,,,,200306,   1.23,199807,  -1.95,199906,   4.66
,,,,,,,200307,   0.77,199808,  -2.86,199907,   1.70
,,,,,,,200308,  -0.51,199809,   3.03,199908,   2.98
,,,,,,,200309,   1.15,199810,   9.11,199909,   6.38
,,,,,,,200310,   1.98,199811,   1.35,199910,   5.45
,,,,,,,200311,   1.96,199812,  -1.67,199911,   5.49
,,,,,,,200312,   1.93,199901,  -2.25,199912,  13.14
,,,,,,,200401,   2.06,199902,   2.45,200001,   1.86
,,,,,,,200402,  -2.84,199903,   0.16,200002,  18.02
,,,,,,,200403,  -1.77,199904,   2.12,200003,  -6.85
,,,,,,,200404,  -2.22,199905,   1.15,200004,  -8.60
,,,,,,,200405,   0.86,199906,   1.33,200005,  -8.99
,,,,,,,200406,   1.78,199907,   1.56,200006,  16.63
,,,,,,,200407,  -2.45,199908,  -3.44,200007,  -0.16
,,,,,,,200408,  -2.99,199909,  -0.40,200008,   5.59
,,,,,,,200409,  -1.37,199910,  -1.48,200009,   1.89
,,,,,,,200410,   0.94,199911,   0.58,200010,  -4.56
,,,,,,,200411,  -1.04,199912, -14.19,200011,  -2.17
,,,,,,,200412,   0.81,200001,   2.62,200012,   6.59
,,,,,,,200501,  -2.99,200002, -13.40,200101, -25.35
,,,,,,,200502,  -1.55,200003,  10.09,200102,  12.60
,,,,,,,200503,  -0.75,200004,  -2.08,200103,   8.65
,,,,,,,200504,  -1.40,200005,  -8.83,200104,  -8.01
,,,,,,,200505,   0.73,200006,  12.26,200105,   2.15
,,,,,,,200506,  -1.49,200007,   6.64,200106,   0.62
,,,,,,,200507,   0.93,200008,   0.45,200107,   5.48
,,,,,,,200508,   0.48,200009,   2.26,200108,   5.46
,,,,,,,200509,  -0.12,200010,  -4.78,200109,  11.38
,,,,,,,200510,  -1.03,200011, -14.63,200110,  -8.32
,,,,,,,200511,   0.32,200012,  -6.97,200111,  -8.61
,,,,,,,200512,  -1.01,200101,  16.68,200112,   0.02
,,,,,,,200601,   1.18,200102,  12.53,200201,   3.65
,,,,,,,200602,   1.57,200103,  -7.60,200202,   6.83
,,,,,,,200603,   0.50,200104,   9.82,200203,  -1.69
,,,,,,,200604,  -0.31,200105,   3.85,200204,   7.70
,,,,,,,200605,  -0.15,200106,   0.75,200205,   3.09
,,,,,,,200606,  -1.12,200107,   1.17,200206,   6.24
,,,,,,,200607,   1.45,200108,  -3.73,200207,   3.63
,,,,,,,200608,   2.96,200109,  -4.99,200208,   1.87
,,,,,,,200609,   1.73,200110,  14.94,200209,   9.18
,,,,,,,200610,  -0.48,200111,  -3.12,200210,  -5.58
,,,,,,,200611,  -1.87,200112,   1.61,200211, -16.43
,,,,,,,200612,   1.89,200201,   1.94,200212,   9.72
,,,,,,,200701,  -0.66,200202,   0.09,200301,   1.59
,,,,,,,200702,  -0.69,200203,   2.77,200302,   1.21
,,,,,,,200703,  -1.16,200204,   2.19,200303,   1.40
,,,,,,,200704,   0.29,200205,  -2.60,200304,  -9.35
,,,,,,,200705,  -2.42,200206,  -3.62,200305, -10.75
,,,,,,,200706,  -0.12,200207,   1.32,200306,  -1.23
,,,,,,,200707,  -2.02,200208,   1.44,200307,  -0.30
,,,,,,,200708,  -0.12,200209,  -1.73,200308,  -0.53
,,,,,,,200709,  -2.75,200210,   7.38,200309,  -0.07
,,,,,,,200710,  -1.59,200211,  -0.01,200310,   4.01
,,,,,,,200711,   0.64,200212,  10.83,200311,   1.36
,,,,,,,200712,  -1.85,200301,   0.29,200312,  -5.54
,,,,,,,200801,   1.82,200302,  -0.69,200401,   2.57
,,,,,,,200802,  -1.98,200303,   0.03,200402,  -1.17
,,,,,,,200803,   2.88,200304,   3.04,200403,   0.19
,,,,,,,200804,  -4.56,200305,  -1.49,200404,  -5.34
,,,,,,,200805,  -4.52,200306,  -0.10,200405,   1.49
,,,,,,,200806,  -3.12,200307,   2.37,200406,   2.08
,,,,,,,200807,   7.37,200308,  -1.54,200407,  -2.24
,,,,,,,200808,   1.36,200309,   4.48,200408,  -1.55
,,,,,,,200809,   5.62,200310,   2.19,200409,   5.48
,,,,,,,200810,   2.07,200311,  -1.48,200410,  -1.43
,,,,,,,200811,  -2.31,200312,   1.86,200411,   3.08
,,,,,,,200812,   0.12,200401,   2.31,200412,  -2.85
,,,,,,,200901,  -6.66,200402,   1.53,200501,   2.96
,,,,,,,200902,   1.05,200403,  -2.15,200502,   3.43
,,,,,,,200903,   3.41,200404,  -0.22,200503,   0.43
,,,,,,,200904,  -0.35,200405,   2.28,200504,  -0.68
,,,,,,,200905,  -1.47,200406,   0.31,200505,   0.37
,,,,,,,200906,   1.32,200407,  -1.33,200506,   2.07
,,,,,,,200907,   4.99,200408,  -2.31,200507,   0.03
,,,,,,,200908,   5.62,200409,   3.09,200508,   2.07
,,,,,,,200909,  -1.69,200410,   0.24,200509,   3.46
,,,,,,,200910,  -4.85,200411,   1.49,200510,  -1.19
,,,,,,,200911,   1.41,200412,   0.97,200511,   0.34
,,,,,,,200912,   0.76,200501,   1.50,200512,   0.78
,,,,,,,201001,   1.77,200502,  -2.47,200601,   2.52
,,,,,,,201002,   2.61,200503,   0.09,200602,  -1.78
,,,,,,,201003,   4.28,200504,  -1.83,200603,   1.26
,,,,,,,201004,   4.72,200505,   3.17,200604,   0.60
,,,,,,,201005,  -3.09,200506,   0.04,200605,  -3.66
,,,,,,,201006,  -5.27,200507,  -0.11,200606,   1.55
,,,,,,,201007,   0.74,200508,  -1.36,200607,  -2.04
,,,,,,,201008,  -3.83,200509,  -3.65,200608,  -3.36
,,,,,,,201009,   1.81,200510,   1.40,200609,  -0.98
,,,,,,,201010,  -2.07,200511,   0.11,200610,  -0.25
,,,,,,,201011,  -0.83,200512,   2.01,200611,  -1.04
,,,,,,,201012,   4.58,200601,  -1.02,200612,   0.79
,,,,,,,201101,   0.86,200602,   3.35,200701,   0.17
,,,,,,,201102,   1.14,200603,  -0.03,200702,  -1.29
,,,,,,,201103,  -1.99,200604,  -0.32,200703,   2.58
,,,,,,,201104,  -2.18,200605,  -0.04,200704,  -0.16
,,,,,,,201105,  -2.38,200606,  -0.62,200705,  -0.33
,,,,,,,201106,  -1.90,200607,   0.21,200706,   0.52
,,,,,,,201107,  -2.43,200608,   1.64,200707,   2.84
,,,,,,,201108,  -5.98,200609,   0.77,200708,  -0.03
,,,,,,,201109,  -5.04,200610,  -0.28,200709,   4.43
,,,,,,,201110,   3.63,200611,  -0.95,200710,   5.03
,,,,,,,201111,  -3.43,200612,   2.41,200711,   1.12
,,,,,,,201112,   2.07,200701,   1.15,200712,   6.56
,,,,,,,201201,   1.49,200702,   0.18,200801,  -7.74
,,,,,,,201202,   1.66,200703,  -2.06,200802,   6.13
,,,,,,,201203,   2.69,200704,  -0.30,200803,   4.25
,,,,,,,201204,  -1.87,200705,  -1.02,200804,  -0.33
,,,,,,,201205,  -1.78,200706,  -0.64,200805,   3.39
,,,,,,,201206,   1.67,200707,  -3.65,200806,  12.71
,,,,,,,201207,  -1.99,200708,  -2.57,200807,  -5.02
,,,,,,,201208,   1.91,200709,   0.33,200808,  -4.48
,,,,,,,201209,   1.80,200710,  -3.97,200809,   0.86
,,,,,,,201210,   1.06,200711,  -1.72,200810,   7.87
,,,,,,,201211,  -0.65,200712,  -2.06,200811,   7.28
,,,,,,,201212,   3.80,200801,   6.89,200812,  -5.09
,,,,,,,201301,   3.35,200802,   4.98,200901,  -2.36
,,,,,,,201302,  -0.16,200803,  -0.38,200902,   4.36
,,,,,,,201303,   1.47,200804,   3.16,200903, -11.83
,,,,,,,201304,  -0.30,200805,  -2.16,200904, -34.34
,,,,,,,201305,   3.07,200806,  -7.11,200905, -12.53
,,,,,,,201306,  -0.91,200807,   8.02,200906,   5.45
,,,,,,,201307,   1.74,200808,  -0.38,200907,  -5.54
,,,,,,,201308,  -1.38,200809,  -3.96,200908,  -9.10
,,,,,,,201309,  -0.11,200810,  -9.56,200909,  -4.87
,,,,,,,201310,   0.21,200811,  -9.98,200910,   2.49
,,,,,,,201311,   0.34,200812,   5.31,200911,   0.39
,,,,,,,201312,  -0.90,200901,   0.28,200912,   3.00
,,,,,,,201401,   1.27,200902,  -6.67,201001,  -5.33
,,,,,,,201402,  -1.05,200903,   3.07,201002,   3.69
,,,,,,,201403,   2.92,200904,  -6.33,201003,   3.57
,,,,,,,201404,   0.16,200905,  -2.73,201004,   3.16
,,,,,,,201405,  -0.63,200906,   4.78,201005,  -0.20
,,,,,,,201406,   0.45,200907,   4.40,201006,  -2.70
,,,,,,,201407,   0.35,200908,  -2.10,201007,   1.78
,,,,,,,201408,  -1.21,200909,   1.20,201008,   0.04
,,,,,,,201409,  -0.93,200910,   2.23,201009,   1.38
,,,,,,,201410,  -3.29,200911,   0.47,201010,   1.46
,,,,,,,201411,  -1.55,200912,   1.73,201011,   2.73
,,,,,,,201412,   0.41,201001,   3.65,201012,  -3.00
,,,,,,,201501,  -3.38,201002,   1.69,201101,  -0.30
,,,,,,,201502,  -1.95,201003,   0.77,201102,   1.88
,,,,,,,201503,  -2.54,201004,  -1.84,201103,   3.45
,,,,,,,201504,   1.22,201005,   0.51,201104,   0.05
,,,,,,,201505,  -0.85,201006,  -4.79,201105,  -0.60
,,,,,,,201506,  -0.95,201007,   4.06,201106,   1.82
,,,,,,,201507,  -1.42,201008,   1.01,201107,   0.20
,,,,,,,201508,   1.39,201009,   3.29,201108,  -0.27
,,,,,,,201509,   0.15,201010,  -1.20,201109,  -2.40
,,,,,,,201510,  -0.53,201011,  -0.86,201110,  -1.40
,,,,,,,201511,  -0.16,201012,   2.26,201111,   3.88
,,,,,,,201512,  -2.38,201101,  -0.09,201112,   1.83
,,,,,,,201601,  -1.04,201102,  -0.92,201201,  -8.01
,,,,,,,201602,   0.55,201103,  -0.82,201202,  -0.26
,,,,,,,201603,   4.06,201104,  -1.01,201203,   1.31
,,,,,,,201604,   4.78,201105,  -1.22,201204,   3.72
,,,,,,,201605,  -2.16,201106,  -0.96,201205,   6.44
,,,,,,,201606,   1.14,201107,  -1.16,201206,  -1.10
,,,,,,,201607,  -0.10,201108,  -1.39,201207,   3.00
,,,,,,,201608,   0.67,201109,  -9.53,201208,  -2.35
,,,,,,,201609,   1.65,201110,  12.19,201209,  -1.13
,,,,,,,201610,  -0.92,201111,   1.26,201210,   0.05
,,,,,,,201611,   1.78,201112,  -1.55,201211,   0.53
,,,,,,,201612,  -2.56,201201,   6.54,201212,  -2.93
,,,,,,,201701,  -1.32,201202,  -0.37,201301,  -1.82
,,,,,,,201702,  -3.28,201203,  -0.78,201302,   1.23
,,,,,,,201703,  -1.22,201204,  -0.43,201303,   1.92
,,,,,,,201704,  -3.43,201205,  -3.48,201304,   0.22
,,,,,,,201705,  -2.43,201206,  -0.81,201305,  -2.01
,,,,,,,201706,  -0.80,201207,   1.37,201306,   0.43
,,,,,,,201707,   0.60,201208,   3.03,201307,   1.74
,,,,,,,201708,  -2.04,201209,  -0.21,201308,   0.04
,,,,,,,201709,   0.58,201210,   0.31,201309,   3.02
,,,,,,,201710,  -1.91,201211,   0.91,201310,   0.02
,,,,,,,201711,   0.73,201212,   0.19,201311,   0.39
,,,,,,,201712,   2.06,201301,  -1.54,201312,   0.02
,,,,,,,201801,  -1.87,201302,  -1.17,201401,   1.61
,,,,,,,201802,  -3.49,201303,  -1.90,201402,   2.13
,,,,,,,201803,   1.80,201304,  -1.10,201403,  -3.27
,,,,,,,201804,   2.79,201305,   1.58,201404,  -3.82
,,,,,,,201805,  -0.16,201306,   0.46,201405,   0.89
,,,,,,,201806,   0.91,201307,   1.96,201406,   0.65
,,,,,,,201807,  -1.44,201308,  -0.78,201407,  -0.17
,,,,,,,201808,  -2.79,201309,  -0.49,201408,   0.83
,,,,,,,201809,   1.75,201310,  -0.13,201409,   0.60
,,,,,,,201810,  -1.68,201311,   0.63,201410,  -0.21
,,,,,,,201811,  -3.82,201312,   1.28,201411,   0.69
,,,,,,,201812,  -2.71,201401,   0.30,201412,   1.03
,,,,,,,201901,   2.26,201402,  -0.15,201501,   3.74
,,,,,,,201902,  -0.60,201403,   2.57,201502,  -3.10
,,,,,,,201903,  -0.85,201404,  -2.10,201503,   2.70
,,,,,,,201904,  -3.01,201405,   0.54,201504,  -7.27
,,,,,,,201905,  -4.20,201406,  -0.55,201505,   5.68
,,,,,,,201906,  -0.35,201407,   2.65,201506,   3.01
,,,,,,,201907,  -3.13,201408,   1.62,201507,   9.97
,,,,,,,201908,  -5.01,201409,  -0.30,201508,  -2.16
,,,,,,,201909,   2.69,201410,  -2.71,201509,   5.24
,,,,,,,201910,  -3.40,201411,  -3.31,201510,  -3.19
,,,,,,,201911,  -0.03,201412,  -1.00,201511,   2.29
,,,,,,,201912,   0.92,201501,  -0.48,201512,   3.34
,,,,,,,202001,  -5.02,201502,   3.73,201601,   1.60
,,,,,,,202002,  -1.63,201503,  -0.15,201602,  -4.35
,,,,,,,202003,  -8.77,201504,   4.25,201603,  -5.04
,,,,,,,202004,   3.17,201505,   2.41,201604,  -5.98
,,,,,,,202005,  -2.27,201506,  -3.56,201605,   1.47
,,,,,,,202006,   2.22,201507,  -5.00,201606,   4.20
,,,,,,,202007,  -0.08,201508,   1.53,201607,  -3.31
,,,,,,,202008,   2.02,201509,  -3.20,201608,  -3.41
,,,,,,,202009,  -3.10,201510,   0.96,201609,   0.26
,,,,,,,202010,  -0.67,201511,   0.18,201610,   0.51
,,,,,,,202011,   6.37,201512,   1.17,201611,  -4.77
,,,,,,,202012,  -0.84,201601,  -2.93,201612,  -0.27
,,,,,,,202101,   9.42,201602,  -0.95,201701,  -0.93
,,,,,,,202102,   4.09,201603,   1.56,201702,  -1.51
,,,,,,,202103,   3.23,201604,   0.42,201703,  -0.97
,,,,,,,202104,  -1.90,201605,   0.15,201704,   0.48
,,,,,,,202105,   5.31,201606,   1.45,201705,   1.50
,,,,,,,202106,  -1.70,201607,   4.51,201706,  -0.10
,,,,,,,202107,  -7.54,201608,  -0.33,201707,   1.63
,,,,,,,202108,  -1.07,201609,   0.02,201708,   3.31
,,,,,,,202109,   4.86,201610,   2.55,201709,  -1.35
,,,,,,,202110,  -3.13,201611,   0.25,201710,   4.21
,,,,,,,202111,  -3.94,201612,  -1.22,201711,  -0.94
,,,,,,,202112,  -0.42,201701,   3.31,201712,  -1.55
,,,,,,,202201,  11.86,201702,  -0.95,201801,   4.08
,,,,,,,202202,   5.20,201703,  -0.93,201802,   3.68
,,,,,,,202203,   1.54,201704,  -2.11,201803,  -1.20
,,,,,,,202204,   7.09,201705,  -3.27,201804,   0.45
,,,,,,,202205,   5.70,201706,   4.12,201805,   3.91
,,,,,,,202206,  -2.12,201707,   2.00,201806,  -2.26
,,,,,,,202207,  -6.32,201708,  -0.37,201807,  -1.43
,,,,,,,202208,   4.40,201709,   2.83,201808,   5.30
,,,,,,,202209,  -1.40,201710,  -0.65,201809,  -0.08
,,,,,,,202210,   9.01,201711,   0.42,201810,  -2.06
,,,,,,,202211,  -0.72,201712,  -0.73,201811,  -1.40
,,,,,,,202212,   2.28,201801,   0.76,201812,   1.76
,,,,,,,202301,  -1.19,201802,  -1.08,201901,  -8.62
,,,,,,,202302,  -2.33,201803,   0.32,201902,   0.50
,,,,,,,202303,  -5.46,201804,  -0.74,201903,   2.24
,,,,,,,202304,  -0.34,201805,  -0.15,201904,  -2.91
,,,,,,,202305,  -4.05,201806,   0.77,201905,   7.55
,,,,,,,202306,  -0.09,201807,   1.64,201906,  -2.24
,,,,,,,202307,   3.44,201808,   1.68,201907,   2.92
,,,,,,,202308,  -2.47,201809,   0.07,201908,   7.51
,,,,,,,202309,   0.28,201810,   1.19,201909,  -6.74
,,,,,,,202310,  -1.86,201811,   1.19,201910,   0.13
,,,,,,,202311,   0.90,201812,  -1.57,201911,  -2.63
,,,,,,,202312,   0.20,201901,   8.18,201912,  -2.22
,,,,,,,202401,   0.79,201902,  -0.11,202001,   6.02
,,,,,,,202402,   0.51,201903,   0.09,202002,  -0.28
,,,,,,,202403,   0.02,201904,   0.86,202003,   8.21
,,,,,,,202404,  -2.27,201905,   0.72,202004,  -5.48
,,,,,,,202405,  -2.36,201906,   4.15,202005,   0.16
,,,,,,,202406,  -2.28,201907,  -0.13,202006,  -0.83
,,,,,,,202407,   1.73,201908,  -2.38,202007,   7.71
,,,,,,,202408,   0.76,201909,   5.12,202008,   0.46
,,,,,,,202409,  -0.26,201910,  -0.40,202009,   3.19
,,,,,,,202410,   1.90,201911,  -0.22,202010,  -3.14
,,,,,,,202411,   0.75,201912,   0.63,202011, -12.55
,,,,,,,202412,  -1.66,202001,   2.56,202012,  -2.37
,,,,,,,202501,   1.30,202002,  -2.42,202101,   4.31
,,,,,,,202502,   2.45,202003, -11.63,202102,  -7.96
,,,,,,,202503,   1.72,202004,  15.73,202103,  -6.16
,,,,,,,202504,  -1.30,202005,  -3.28,202104,   1.23
,,,,,,,202505,  -3.98,202006,  -1.92,202105,   0.56
,,,,,,,202506,  -3.92,202007,  -3.03,202106,   2.07
,,,,,,,202507,  -4.16,202008,  -2.48,202107,  -2.18
,,,,,,,202508,   2.31,202009,   0.48,202108,   2.63
,,,,,,,202509,  -3.58,202010,   0.59,202109,   1.39
,,,,,,,202510,   0.13,202011,   3.28,202110,   3.32
,,,,,,,202511,   1.77,202012,  -3.14,202111,   0.96
,,,,,,,202512,  -0.27,202101,   0.80,202112,  -2.39
,,,,,,,202601,  -0.66,202102,   4.46,202201,  -2.42
,,,,,,,202602,   0.99,202103,  -0.87,202202,   1.64
,,,,,,,202603,  -3.25,202104,   1.44,202203,   2.92
,,,,,,,Annual Factors:,,202105,   1.56,202204,   5.00
,,,,,,,January-December ,,202106,   2.96,202205,   2.53
,,,,,,,,LT_Rev,202107,  -0.66,202206,   1.09
,,,,,,,  1931,  -4.62,202108,  -1.48,202207,  -4.36
,,,,,,,  1932,  14.13,202109,   0.76,202208,   1.98
,,,,,,,  1933,  94.46,202110,  -1.61,202209,   3.71
,,,,,,,  1934, -11.11,202111,  -2.66,202210,   3.91
,,,,,,,  1935,  37.42,202112,  -0.24,202211,  -1.72
,,,,,,,  1936,  14.40,202201,  -4.86,202212,   4.97
,,,,,,,  1937,  -1.29,202202,  -3.14,202301, -16.21
,,,,,,,  1938, -11.05,202203,  -0.07,202302,   0.54
,,,,,,,  1939, -12.14,202204,  -1.85,202303,  -2.35
,,,,,,,  1940, -10.66,202205,  -2.08,202304,   1.75
,,,,,,,  1941,  -7.94,202206,   1.87,202305,  -0.86
,,,,,,,  1942,  31.39,202207,   6.49,202306,  -2.72
,,,,,,,  1943,  45.13,202208,   1.57,202307,  -3.97
,,,,,,,  1944,   2.80,202209,  -1.71,202308,   3.75
,,,,,,,  1945, -16.09,202210,   0.42,202309,   0.30
,,,,,,,  1946,  14.15,202211,   0.49,202310,   1.69
,,,,,,,  1947,   9.07,202212,  -3.37,202311,   2.53
,,,,,,,  1948,   7.34,202301,   9.49,202312,  -5.55
,,,,,,,  1949,   0.91,202302,  -1.38,202401,   5.22
,,,,,,,  1950,  13.42,202303,  -1.67,202402,   4.93
,,,,,,,  1951, -13.35,202304,  -0.81,202403,  -0.31
,,,,,,,  1952,  -4.61,202305,   3.91,202404,  -0.45
,,,,,,,  1953,  -2.02,202306,   0.94,202405,  -0.22
,,,,,,,  1954, -20.56,202307,  -1.82,202406,   0.86
,,,,,,,  1955, -11.70,202308,   2.39,202407,  -2.35
,,,,,,,  1956,  -5.28,202309,  -2.69,202408,   4.86
,,,,,,,  1957,   4.89,202310,  -2.53,202409,  -0.56
,,,,,,,  1958,  -0.10,202311,   3.53,202410,   2.94
,,,,,,,  1959,  -0.69,202312,  -4.08,202411,   1.01
,,,,,,,  1960,  -4.98,202401,   2.24,202412,  -0.40
,,,,,,,  1961,  -8.62,202402,  -1.63,202501,   0.99
,,,,,,,  1962,  11.76,202403,   0.14,202502,  -0.85
,,,,,,,  1963,   8.02,202404,  -3.84,202503,  -2.70
,,,,,,,  1964,   1.19,202405,  -1.46,202504,   5.02
,,,,,,,  1965,  13.22,202406,  -1.87,202505,   2.17
,,,,,,,  1966,   5.52,202407,   3.55,202506,  -2.73
,,,,,,,  1967,  -4.78,202408,   0.14,202507,  -0.95
,,,,,,,  1968,  12.03,202409,   0.59,202508,  -3.60
,,,,,,,  1969,   3.09,202410,  -1.54,202509,   4.63
,,,,,,,  1970,  24.49,202411,  -4.77,202510,   0.33
,,,,,,,  1971,  -5.27,202412,   0.31,202511,  -1.79
,,,,,,,  1972,  -2.47,202501,   2.76,202512,  -2.33
,,,,,,,  1973,   6.57,202502,   3.29,202601,   4.99
,,,,,,,  1974,   3.92,202503,  -3.50,202602,   1.26
,,,,,,,  1975,  28.56,202504,   2.34,202603,   1.54
,,,,,,,  1976,  15.98,202505,  -4.98,Annual Factors:,
,,,,,,,  1977,   7.58,202506,  -5.56,January-December ,
,,,,,,,  1978,   1.51,202507,  -5.21,,Mom
,,,,,,,  1979,  -7.68,202508,   1.17,  1927,  24.45
,,,,,,,  1980, -13.81,202509,  -2.28,  1928,  26.53
,,,,,,,  1981,  17.61,202510,  -7.73,  1929,  19.72
,,,,,,,  1982,  26.44,202511,  -0.15,  1930,  24.11
,,,,,,,  1983,   5.67,202512,   1.32,  1931,  23.29
,,,,,,,  1984,  -4.91,202601,  -0.36,  1932, -20.58
,,,,,,,  1985, -20.19,202602,  -6.64,  1933,  18.19
,,,,,,,  1986, -12.53,202603,   0.42,  1934,  18.78
,,,,,,,  1987,   7.88,Annual Factors:,,  1935,  21.19
,,,,,,,  1988,  -3.22,January-December ,,  1936,   5.90
,,,,,,,  1989, -11.97,,ST_Rev,  1937,  -3.96
,,,,,,,  1990,  -2.27,  1927, -18.73,  1938,  -3.30
,,,,,,,  1991,   4.00,  1928,  -8.82,  1939,  -0.36
,,,,,,,  1992,  13.63,  1929, -14.99,  1940,   5.93
,,,,,,,  1993,  27.24,  1930,  -1.18,  1941,  10.34
,,,,,,,  1994,   9.98,  1931,  27.20,  1942, -16.48
,,,,,,,  1995,  -0.67,  1932,  27.90,  1943,  14.48
,,,,,,,  1996,  -7.37,  1933,  74.69,  1944,   9.70
,,,,,,,  1997,  -0.88,  1934,  14.98,  1945,  16.09
,,,,,,,  1998,  -0.69,  1935,   7.10,  1946,   5.83
,,,,,,,  1999,  20.68,  1936,   4.81,  1947,  14.91
,,,,,,,  2000,   1.39,  1937,  -7.08,  1948,  11.63
,,,,,,,  2001,  26.06,  1938,  88.47,  1949,   0.44
,,,,,,,  2002,  17.88,  1939,  65.29,  1950,  15.18
,,,,,,,  2003,  10.30,  1940,  19.16,  1951,  11.02
,,,,,,,  2004,  -9.82,  1941,   1.57,  1952,   9.09
,,,,,,,  2005,  -8.77,  1942,  24.83,  1953,  16.20
,,,,,,,  2006,   8.00,  1943,  20.94,  1954,  10.24
,,,,,,,  2007, -12.93,  1944,  14.32,  1955,  13.99
,,,,,,,  2008,   3.61,  1945,  27.88,  1956,  19.00
,,,,,,,  2009,   2.67,  1946,  -0.87,  1957,   9.69
,,,,,,,  2010,   3.94,  1947,   5.66,  1958,  -9.50
,,,,,,,  2011, -18.25,  1948,  21.49,  1959,  19.40
,,,,,,,  2012,  10.77,  1949,  11.45,  1960,  17.10
,,,,,,,  2013,   8.17,  1950,  12.49,  1961,  10.84
,,,,,,,  2014,  -3.12,  1951,  19.14,  1962,  12.07
,,,,,,,  2015, -10.93,  1952,  12.24,  1963,  11.56
,,,,,,,  2016,   8.57,  1953,   2.04,  1964,   4.55
,,,,,,,  2017, -14.58,  1954,  18.25,  1965,  20.05
,,,,,,,  2018, -10.24,  1955,  14.72,  1966,   9.88
,,,,,,,  2019, -19.33,  1956,   1.89,  1967,  21.77
,,,,,,,  2020, -15.17,  1957,  -4.54,  1968,   2.77
,,,,,,,  2021,   8.01,  1958,  33.25,  1969,  10.35
,,,,,,,  2022,  33.80,  1959,   3.76,  1970,  -4.04
,,,,,,,  2023, -16.50,  1960,  -3.03,  1971,   3.31
,,,,,,,  2024,  -3.13,  1961,  13.53,  1972,  15.20
,,,,,,,  2025,  -7.72,  1962,   9.76,  1973,  29.67
,,,,,,,Copyright 2026 Eugene F. Fama and Kenneth R. French,,  1963,  12.54,  1974,   8.35
,,,,,,,,,  1964,   6.89,  1975, -19.19
,,,,,,,,,  1965,   4.97,  1976,   7.39
,,,,,,,,,  1966,  12.08,  1977,  18.03
,,,,,,,,,  1967,   8.90,  1978,  11.78
,,,,,,,,,  1968,  13.60,  1979,  26.18
,,,,,,,,,  1969,   4.24,  1980,  36.06
,,,,,,,,,  1970,   7.58,  1981,  -8.08
,,,,,,,,,  1971,  14.25,  1982,  34.02
,,,,,,,,,  1972,   4.28,  1983,  -9.73
,,,,,,,,,  1973,   1.46,  1984,   9.26
,,,,,,,,,  1974,  16.04,  1985,  14.83
,,,,,,,,,  1975,  45.32,  1986,  10.45
,,,,,,,,,  1976,  15.68,  1987,  -3.88
,,,,,,,,,  1977,   7.51,  1988,  -5.62
,,,,,,,,,  1978,  16.98,  1989,  27.16
,,,,,,,,,  1979,   9.84,  1990,  18.68
,,,,,,,,,  1980,   5.64,  1991,  14.24
,,,,,,,,,  1981,   2.35,  1992,   3.03
,,,,,,,,,  1982,   1.05,  1993,  23.64
,,,,,,,,,  1983,  21.14,  1994,   3.06
,,,,,,,,,  1984,  13.03,  1995,  17.62
,,,,,,,,,  1985,   6.98,  1996,   6.25
,,,,,,,,,  1986,   2.47,  1997,  11.09
,,,,,,,,,  1987,   5.17,  1998,  23.28
,,,,,,,,,  1988,  17.97,  1999,  33.89
,,,,,,,,,  1989,  -4.29,  2000,  14.70
,,,,,,,,,  1990, -11.51,  2001,   4.58
,,,,,,,,,  1991,   4.53,  2002,  25.63
,,,,,,,,,  1992,  -2.38,  2003, -24.59
,,,,,,,,,  1993,   0.02,  2004,  -0.40
,,,,,,,,,  1994,   2.37,  2005,  14.91
,,,,,,,,,  1995,   4.75,  2006,  -7.70
,,,,,,,,,  1996,   3.03,  2007,  21.80
,,,,,,,,,  1997,  12.57,  2008,  13.80
,,,,,,,,,  1998,  15.88,  2009, -83.81
,,,,,,,,,  1999, -14.93,  2010,   6.81
,,,,,,,,,  2000, -16.26,  2011,   7.30
,,,,,,,,,  2001,  38.68,  2012,   0.98
,,,,,,,,,  2002,  14.58,  2013,   7.05
,,,,,,,,,  2003,  12.17,  2014,   0.89
,,,,,,,,,  2004,   6.69,  2015,  19.95
,,,,,,,,,  2005,  -1.36,  2016, -20.91
,,,,,,,,,  2006,   5.98,  2017,   4.65
,,,,,,,,,  2007, -16.43,  2018,   9.58
,,,,,,,,,  2008,  -5.67,  2019,  -2.36
,,,,,,,,,  2009,   0.10,  2020,   7.44
,,,,,,,,,  2010,   9.55,  2021,  -2.44
,,,,,,,,,  2011,  -7.88,  2022,  16.09
,,,,,,,,,  2012,   6.49,  2023, -24.59
,,,,,,,,,  2013,  -1.73,  2024,  17.64
,,,,,,,,,  2014,  -2.42,  2025,  -2.30
,,,,,,,,,  2015,   1.31,Copyright 2026 Eugene F. Fama and Kenneth R. French,
,,,,,,,,,  2016,   5.87,,
,,,,,,,,,  2017,   4.05,,
,,,,,,,,,  2018,   3.52,,
,,,,,,,,,  2019,  19.87,,
,,,,,,,,,  2020, -12.76,,
,,,,,,,,,  2021,   4.95,,
,,,,,,,,,  2022,  -5.91,,
,,,,,,,,,  2023,   5.45,,
,,,,,,,,,  2024,  -9.16,,
,,,,,,,,,  2025, -20.41,,
,,,,,,,,,Copyright 2026 Eugene F. Fama and Kenneth R. French,,,
